id,sample_id,filename
1,1,trials/trial-1.csv
2,1,trials/trial-2.csv
3,1,trials/trial-3.csv
4,2,trials/trial-4.csv
5,2,trials/trial-5.csv
6,2,trials/trial-6.csv
7,3,trials/trial-7.csv
8,3,trials/trial-8.csv
9,3,trials/trial-9.csv
10,4,trials/trial-10.csv
11,4,trials/trial-11.csv
12,4,trials/trial-12.csv
13,5,trials/trial-13.csv
14,5,trials/trial-14.csv
15,5,trials/trial-15.csv
16,6,trials/trial-16.csv
17,6,trials/trial-17.csv
18,6,trials/trial-18.csv
19,7,trials/trial-19.csv
20,7,trials/trial-20.csv
21,7,trials/trial-21.csv
22,8,trials/trial-22.csv
23,8,trials/trial-23.csv
24,8,trials/trial-24.csv
25,9,trials/trial-25.csv
26,9,trials/trial-26.csv
27,9,trials/trial-27.csv
28,10,trials/trial-28.csv
29,10,trials/trial-29.csv
30,10,trials/trial-30.csv
31,11,trials/trial-31.csv
32,11,trials/trial-32.csv
33,11,trials/trial-33.csv
34,12,trials/trial-34.csv
35,12,trials/trial-35.csv
36,12,trials/trial-36.csv
37,13,trials/trial-37.csv
38,13,trials/trial-38.csv
39,13,trials/trial-39.csv
40,14,trials/trial-40.csv
41,14,trials/trial-41.csv
42,14,trials/trial-42.csv
43,15,trials/trial-43.csv
44,15,trials/trial-44.csv
45,15,trials/trial-45.csv
46,16,trials/trial-46.csv
47,16,trials/trial-47.csv
48,16,trials/trial-48.csv
49,17,trials/trial-49.csv
50,17,trials/trial-50.csv
51,17,trials/trial-51.csv
52,18,trials/trial-52.csv
53,18,trials/trial-53.csv
54,18,trials/trial-54.csv
55,19,trials/trial-55.csv
56,19,trials/trial-56.csv
57,19,trials/trial-57.csv
58,20,trials/trial-58.csv
59,20,trials/trial-59.csv
60,20,trials/trial-60.csv
61,21,trials/trial-61.csv
62,21,trials/trial-62.csv
63,21,trials/trial-63.csv
64,22,trials/trial-64.csv
65,22,trials/trial-65.csv
66,22,trials/trial-66.csv
67,23,trials/trial-67.csv
68,23,trials/trial-68.csv
69,23,trials/trial-69.csv
70,24,trials/trial-70.csv
71,24,trials/trial-71.csv
72,24,trials/trial-72.csv
73,25,trials/trial-73.csv
74,25,trials/trial-74.csv
75,25,trials/trial-75.csv
76,26,trials/trial-76.csv
77,26,trials/trial-77.csv
78,26,trials/trial-78.csv
79,27,trials/trial-79.csv
80,27,trials/trial-80.csv
81,27,trials/trial-81.csv
82,28,trials/trial-82.csv
83,28,trials/trial-83.csv
84,28,trials/trial-84.csv
85,29,trials/trial-85.csv
86,29,trials/trial-86.csv
87,29,trials/trial-87.csv
88,30,trials/trial-88.csv
89,30,trials/trial-89.csv
90,30,trials/trial-90.csv
91,31,trials/trial-91.csv
92,31,trials/trial-92.csv
93,31,trials/trial-93.csv
94,32,trials/trial-94.csv
95,32,trials/trial-95.csv
96,32,trials/trial-96.csv
97,33,trials/trial-97.csv
98,33,trials/trial-98.csv
99,33,trials/trial-99.csv
100,34,trials/trial-100.csv
101,34,trials/trial-101.csv
102,34,trials/trial-102.csv
103,35,trials/trial-103.csv
104,35,trials/trial-104.csv
105,35,trials/trial-105.csv
106,36,trials/trial-106.csv
107,36,trials/trial-107.csv
108,36,trials/trial-108.csv
109,37,trials/trial-109.csv
110,37,trials/trial-110.csv
111,37,trials/trial-111.csv
112,38,trials/trial-112.csv
113,38,trials/trial-113.csv
114,38,trials/trial-114.csv
115,39,trials/trial-115.csv
116,39,trials/trial-116.csv
117,39,trials/trial-117.csv
118,40,trials/trial-118.csv
119,40,trials/trial-119.csv
120,40,trials/trial-120.csv
121,41,trials/trial-121.csv
122,41,trials/trial-122.csv
123,41,trials/trial-123.csv
124,42,trials/trial-124.csv
125,42,trials/trial-125.csv
126,42,trials/trial-126.csv
127,43,trials/trial-127.csv
128,43,trials/trial-128.csv
129,43,trials/trial-129.csv
130,44,trials/trial-130.csv
131,44,trials/trial-131.csv
132,44,trials/trial-132.csv
133,45,trials/trial-133.csv
134,45,trials/trial-134.csv
135,45,trials/trial-135.csv
136,46,trials/trial-136.csv
137,46,trials/trial-137.csv
138,46,trials/trial-138.csv
139,47,trials/trial-139.csv
140,47,trials/trial-140.csv
141,47,trials/trial-141.csv
142,48,trials/trial-142.csv
143,48,trials/trial-143.csv
144,48,trials/trial-144.csv
145,49,trials/trial-145.csv
146,49,trials/trial-146.csv
147,49,trials/trial-147.csv
148,50,trials/trial-148.csv
149,50,trials/trial-149.csv
150,50,trials/trial-150.csv
151,51,trials/trial-151.csv
152,51,trials/trial-152.csv
153,51,trials/trial-153.csv
154,52,trials/trial-154.csv
155,52,trials/trial-155.csv
156,52,trials/trial-156.csv
157,53,trials/trial-157.csv
158,53,trials/trial-158.csv
159,53,trials/trial-159.csv
160,54,trials/trial-160.csv
161,54,trials/trial-161.csv
162,54,trials/trial-162.csv
163,55,trials/trial-163.csv
164,55,trials/trial-164.csv
165,55,trials/trial-165.csv
166,56,trials/trial-166.csv
167,56,trials/trial-167.csv
168,56,trials/trial-168.csv
169,57,trials/trial-169.csv
170,57,trials/trial-170.csv
171,57,trials/trial-171.csv
172,58,trials/trial-172.csv
173,58,trials/trial-173.csv
174,58,trials/trial-174.csv
175,59,trials/trial-175.csv
176,59,trials/trial-176.csv
177,59,trials/trial-177.csv
178,60,trials/trial-178.csv
179,60,trials/trial-179.csv
180,60,trials/trial-180.csv
181,61,trials/trial-181.csv
182,61,trials/trial-182.csv
183,61,trials/trial-183.csv
184,62,trials/trial-184.csv
185,62,trials/trial-185.csv
186,62,trials/trial-186.csv
187,63,trials/trial-187.csv
188,63,trials/trial-188.csv
189,63,trials/trial-189.csv
190,64,trials/trial-190.csv
191,64,trials/trial-191.csv
192,64,trials/trial-192.csv
193,65,trials/trial-193.csv
194,65,trials/trial-194.csv
195,65,trials/trial-195.csv
196,66,trials/trial-196.csv
197,66,trials/trial-197.csv
198,66,trials/trial-198.csv
199,67,trials/trial-199.csv
200,67,trials/trial-200.csv
201,67,trials/trial-201.csv
202,68,trials/trial-202.csv
203,68,trials/trial-203.csv
204,68,trials/trial-204.csv
205,69,trials/trial-205.csv
206,69,trials/trial-206.csv
207,69,trials/trial-207.csv
208,70,trials/trial-208.csv
209,70,trials/trial-209.csv
210,70,trials/trial-210.csv
211,71,trials/trial-211.csv
212,71,trials/trial-212.csv
213,71,trials/trial-213.csv
214,72,trials/trial-214.csv
215,72,trials/trial-215.csv
216,72,trials/trial-216.csv
217,73,trials/trial-217.csv
218,73,trials/trial-218.csv
219,73,trials/trial-219.csv
220,74,trials/trial-220.csv
221,74,trials/trial-221.csv
222,74,trials/trial-222.csv
223,75,trials/trial-223.csv
224,75,trials/trial-224.csv
225,75,trials/trial-225.csv
226,76,trials/trial-226.csv
227,76,trials/trial-227.csv
228,76,trials/trial-228.csv
229,77,trials/trial-229.csv
230,77,trials/trial-230.csv
231,77,trials/trial-231.csv
232,78,trials/trial-232.csv
233,78,trials/trial-233.csv
234,78,trials/trial-234.csv
235,79,trials/trial-235.csv
236,79,trials/trial-236.csv
237,79,trials/trial-237.csv
238,80,trials/trial-238.csv
239,80,trials/trial-239.csv
240,80,trials/trial-240.csv
241,81,trials/trial-241.csv
242,81,trials/trial-242.csv
243,81,trials/trial-243.csv
244,82,trials/trial-244.csv
245,82,trials/trial-245.csv
246,82,trials/trial-246.csv
247,83,trials/trial-247.csv
248,83,trials/trial-248.csv
249,83,trials/trial-249.csv
250,84,trials/trial-250.csv
251,84,trials/trial-251.csv
252,84,trials/trial-252.csv
253,85,trials/trial-253.csv
254,85,trials/trial-254.csv
255,85,trials/trial-255.csv
256,86,trials/trial-256.csv
257,86,trials/trial-257.csv
258,86,trials/trial-258.csv
259,87,trials/trial-259.csv
260,87,trials/trial-260.csv
261,87,trials/trial-261.csv
262,88,trials/trial-262.csv
263,88,trials/trial-263.csv
264,88,trials/trial-264.csv
265,89,trials/trial-265.csv
266,89,trials/trial-266.csv
267,89,trials/trial-267.csv
268,90,trials/trial-268.csv
269,90,trials/trial-269.csv
270,90,trials/trial-270.csv
271,91,trials/trial-271.csv
272,91,trials/trial-272.csv
273,91,trials/trial-273.csv
274,92,trials/trial-274.csv
275,92,trials/trial-275.csv
276,92,trials/trial-276.csv
277,93,trials/trial-277.csv
278,93,trials/trial-278.csv
279,93,trials/trial-279.csv
280,94,trials/trial-280.csv
281,94,trials/trial-281.csv
282,94,trials/trial-282.csv
283,95,trials/trial-283.csv
284,95,trials/trial-284.csv
285,95,trials/trial-285.csv
286,96,trials/trial-286.csv
287,96,trials/trial-287.csv
288,96,trials/trial-288.csv
289,96,trials/trial-289.csv
290,97,trials/trial-290.csv
291,97,trials/trial-291.csv
292,97,trials/trial-292.csv
293,98,trials/trial-293.csv
294,98,trials/trial-294.csv
295,98,trials/trial-295.csv
296,99,trials/trial-296.csv
297,99,trials/trial-297.csv
298,99,trials/trial-298.csv
299,100,trials/trial-299.csv
300,100,trials/trial-300.csv
301,100,trials/trial-301.csv
302,101,trials/trial-302.csv
303,101,trials/trial-303.csv
304,101,trials/trial-304.csv
305,102,trials/trial-305.csv
306,102,trials/trial-306.csv
307,102,trials/trial-307.csv
308,103,trials/trial-308.csv
309,103,trials/trial-309.csv
310,103,trials/trial-310.csv
311,104,trials/trial-311.csv
312,104,trials/trial-312.csv
313,104,trials/trial-313.csv
314,105,trials/trial-314.csv
315,105,trials/trial-315.csv
316,105,trials/trial-316.csv
317,106,trials/trial-317.csv
318,106,trials/trial-318.csv
319,106,trials/trial-319.csv
320,107,trials/trial-320.csv
321,107,trials/trial-321.csv
322,107,trials/trial-322.csv
323,108,trials/trial-323.csv
324,108,trials/trial-324.csv
325,108,trials/trial-325.csv
326,109,trials/trial-326.csv
327,109,trials/trial-327.csv
328,109,trials/trial-328.csv
329,110,trials/trial-329.csv
330,110,trials/trial-330.csv
331,110,trials/trial-331.csv
332,111,trials/trial-332.csv
333,111,trials/trial-333.csv
334,111,trials/trial-334.csv
335,112,trials/trial-335.csv
336,112,trials/trial-336.csv
337,112,trials/trial-337.csv
338,113,trials/trial-338.csv
339,113,trials/trial-339.csv
340,113,trials/trial-340.csv
341,114,trials/trial-341.csv
342,114,trials/trial-342.csv
343,114,trials/trial-343.csv
344,115,trials/trial-344.csv
345,115,trials/trial-345.csv
346,115,trials/trial-346.csv
347,116,trials/trial-347.csv
348,116,trials/trial-348.csv
349,116,trials/trial-349.csv
350,117,trials/trial-350.csv
351,117,trials/trial-351.csv
352,117,trials/trial-352.csv
353,118,trials/trial-353.csv
354,118,trials/trial-354.csv
355,118,trials/trial-355.csv
356,119,trials/trial-356.csv
357,119,trials/trial-357.csv
358,119,trials/trial-358.csv
359,120,trials/trial-359.csv
360,120,trials/trial-360.csv
361,120,trials/trial-361.csv
362,121,trials/trial-362.csv
363,121,trials/trial-363.csv
364,121,trials/trial-364.csv
365,122,trials/trial-365.csv
366,122,trials/trial-366.csv
367,122,trials/trial-367.csv
368,123,trials/trial-368.csv
369,123,trials/trial-369.csv
370,123,trials/trial-370.csv
371,124,trials/trial-371.csv
372,124,trials/trial-372.csv
373,124,trials/trial-373.csv
374,125,trials/trial-374.csv
375,125,trials/trial-375.csv
376,125,trials/trial-376.csv
377,126,trials/trial-377.csv
378,126,trials/trial-378.csv
379,126,trials/trial-379.csv
380,127,trials/trial-380.csv
381,127,trials/trial-381.csv
382,127,trials/trial-382.csv
383,128,trials/trial-383.csv
384,128,trials/trial-384.csv
385,128,trials/trial-385.csv
386,129,trials/trial-386.csv
387,129,trials/trial-387.csv
388,129,trials/trial-388.csv
389,130,trials/trial-389.csv
390,130,trials/trial-390.csv
391,130,trials/trial-391.csv
392,131,trials/trial-392.csv
393,131,trials/trial-393.csv
394,131,trials/trial-394.csv
395,132,trials/trial-395.csv
396,132,trials/trial-396.csv
397,132,trials/trial-397.csv
398,133,trials/trial-398.csv
399,133,trials/trial-399.csv
400,133,trials/trial-400.csv
401,134,trials/trial-401.csv
402,134,trials/trial-402.csv
403,134,trials/trial-403.csv
404,135,trials/trial-404.csv
405,135,trials/trial-405.csv
406,135,trials/trial-406.csv
407,136,trials/trial-407.csv
408,136,trials/trial-408.csv
409,136,trials/trial-409.csv
410,137,trials/trial-410.csv
411,137,trials/trial-411.csv
412,137,trials/trial-412.csv
413,138,trials/trial-413.csv
414,138,trials/trial-414.csv
415,138,trials/trial-415.csv
416,139,trials/trial-416.csv
417,139,trials/trial-417.csv
418,139,trials/trial-418.csv
419,140,trials/trial-419.csv
420,140,trials/trial-420.csv
421,140,trials/trial-421.csv
422,141,trials/trial-422.csv
423,141,trials/trial-423.csv
424,141,trials/trial-424.csv
425,142,trials/trial-425.csv
426,142,trials/trial-426.csv
427,142,trials/trial-427.csv
428,143,trials/trial-428.csv
429,143,trials/trial-429.csv
430,143,trials/trial-430.csv
431,144,trials/trial-431.csv
432,144,trials/trial-432.csv
433,144,trials/trial-433.csv
434,145,trials/trial-434.csv
435,145,trials/trial-435.csv
436,145,trials/trial-436.csv
437,146,trials/trial-437.csv
438,146,trials/trial-438.csv
439,146,trials/trial-439.csv
440,147,trials/trial-440.csv
441,147,trials/trial-441.csv
442,147,trials/trial-442.csv
443,148,trials/trial-443.csv
444,148,trials/trial-444.csv
445,148,trials/trial-445.csv
446,149,trials/trial-446.csv
447,149,trials/trial-447.csv
448,149,trials/trial-448.csv
449,150,trials/trial-449.csv
450,150,trials/trial-450.csv
451,150,trials/trial-451.csv
452,151,trials/trial-452.csv
453,151,trials/trial-453.csv
454,151,trials/trial-454.csv
455,152,trials/trial-455.csv
456,152,trials/trial-456.csv
457,152,trials/trial-457.csv
458,153,trials/trial-458.csv
459,153,trials/trial-459.csv
460,153,trials/trial-460.csv
461,154,trials/trial-461.csv
462,154,trials/trial-462.csv
463,154,trials/trial-463.csv
464,155,trials/trial-464.csv
465,155,trials/trial-465.csv
466,155,trials/trial-466.csv
467,156,trials/trial-467.csv
468,156,trials/trial-468.csv
469,156,trials/trial-469.csv
470,157,trials/trial-470.csv
471,157,trials/trial-471.csv
472,157,trials/trial-472.csv
473,158,trials/trial-473.csv
474,158,trials/trial-474.csv
475,158,trials/trial-475.csv
476,159,trials/trial-476.csv
477,159,trials/trial-477.csv
478,159,trials/trial-478.csv
479,160,trials/trial-479.csv
480,160,trials/trial-480.csv
481,160,trials/trial-481.csv
482,161,trials/trial-482.csv
483,161,trials/trial-483.csv
484,161,trials/trial-484.csv
485,162,trials/trial-485.csv
486,162,trials/trial-486.csv
487,162,trials/trial-487.csv
488,163,trials/trial-488.csv
489,163,trials/trial-489.csv
490,163,trials/trial-490.csv
491,164,trials/trial-491.csv
492,164,trials/trial-492.csv
493,164,trials/trial-493.csv
494,165,trials/trial-494.csv
495,165,trials/trial-495.csv
496,165,trials/trial-496.csv
497,166,trials/trial-497.csv
498,166,trials/trial-498.csv
499,166,trials/trial-499.csv
500,167,trials/trial-500.csv
501,167,trials/trial-501.csv
502,167,trials/trial-502.csv
503,168,trials/trial-503.csv
504,168,trials/trial-504.csv
505,168,trials/trial-505.csv
506,169,trials/trial-506.csv
507,169,trials/trial-507.csv
508,169,trials/trial-508.csv
509,170,trials/trial-509.csv
510,170,trials/trial-510.csv
511,170,trials/trial-511.csv
512,171,trials/trial-512.csv
513,171,trials/trial-513.csv
514,171,trials/trial-514.csv
515,172,trials/trial-515.csv
516,172,trials/trial-516.csv
517,172,trials/trial-517.csv
518,173,trials/trial-518.csv
519,173,trials/trial-519.csv
520,173,trials/trial-520.csv
521,174,trials/trial-521.csv
522,174,trials/trial-522.csv
523,174,trials/trial-523.csv
524,175,trials/trial-524.csv
525,175,trials/trial-525.csv
526,175,trials/trial-526.csv
527,176,trials/trial-527.csv
528,176,trials/trial-528.csv
529,176,trials/trial-529.csv
530,177,trials/trial-530.csv
531,177,trials/trial-531.csv
532,177,trials/trial-532.csv
533,178,trials/trial-533.csv
534,178,trials/trial-534.csv
535,178,trials/trial-535.csv
536,179,trials/trial-536.csv
537,179,trials/trial-537.csv
538,179,trials/trial-538.csv
539,180,trials/trial-539.csv
540,180,trials/trial-540.csv
541,180,trials/trial-541.csv
542,181,trials/trial-542.csv
543,181,trials/trial-543.csv
544,181,trials/trial-544.csv
545,182,trials/trial-545.csv
546,182,trials/trial-546.csv
547,182,trials/trial-547.csv
548,183,trials/trial-548.csv
549,183,trials/trial-549.csv
550,183,trials/trial-550.csv
551,184,trials/trial-551.csv
552,184,trials/trial-552.csv
553,184,trials/trial-553.csv
554,185,trials/trial-554.csv
555,185,trials/trial-555.csv
556,185,trials/trial-556.csv
557,186,trials/trial-557.csv
558,186,trials/trial-558.csv
559,186,trials/trial-559.csv
560,187,trials/trial-560.csv
561,187,trials/trial-561.csv
562,187,trials/trial-562.csv
563,188,trials/trial-563.csv
564,188,trials/trial-564.csv
565,188,trials/trial-565.csv
566,189,trials/trial-566.csv
567,189,trials/trial-567.csv
568,189,trials/trial-568.csv
569,190,trials/trial-569.csv
570,190,trials/trial-570.csv
571,190,trials/trial-571.csv
572,191,trials/trial-572.csv
573,191,trials/trial-573.csv
574,191,trials/trial-574.csv
575,192,trials/trial-575.csv
576,192,trials/trial-576.csv
577,192,trials/trial-577.csv
578,193,trials/trial-578.csv
579,193,trials/trial-579.csv
580,193,trials/trial-580.csv
581,194,trials/trial-581.csv
582,194,trials/trial-582.csv
583,194,trials/trial-583.csv
584,195,trials/trial-584.csv
585,195,trials/trial-585.csv
586,195,trials/trial-586.csv
587,196,trials/trial-587.csv
588,196,trials/trial-588.csv
589,196,trials/trial-589.csv
590,197,trials/trial-590.csv
591,197,trials/trial-591.csv
592,197,trials/trial-592.csv
593,198,trials/trial-593.csv
594,198,trials/trial-594.csv
595,198,trials/trial-595.csv
596,199,trials/trial-596.csv
597,199,trials/trial-597.csv
598,199,trials/trial-598.csv
599,200,trials/trial-599.csv
600,200,trials/trial-600.csv
601,200,trials/trial-601.csv
602,201,trials/trial-602.csv
603,201,trials/trial-603.csv
604,201,trials/trial-604.csv
605,202,trials/trial-605.csv
606,202,trials/trial-606.csv
607,202,trials/trial-607.csv
608,203,trials/trial-608.csv
609,203,trials/trial-609.csv
610,203,trials/trial-610.csv
611,204,trials/trial-611.csv
612,204,trials/trial-612.csv
613,204,trials/trial-613.csv
614,205,trials/trial-614.csv
615,205,trials/trial-615.csv
616,205,trials/trial-616.csv
617,206,trials/trial-617.csv
618,206,trials/trial-618.csv
619,206,trials/trial-619.csv
620,207,trials/trial-620.csv
621,207,trials/trial-621.csv
622,207,trials/trial-622.csv
623,208,trials/trial-623.csv
624,208,trials/trial-624.csv
625,208,trials/trial-625.csv
626,209,trials/trial-626.csv
627,209,trials/trial-627.csv
628,209,trials/trial-628.csv
629,210,trials/trial-629.csv
630,210,trials/trial-630.csv
631,210,trials/trial-631.csv
632,211,trials/trial-632.csv
633,211,trials/trial-633.csv
634,211,trials/trial-634.csv
635,212,trials/trial-635.csv
636,212,trials/trial-636.csv
637,212,trials/trial-637.csv
638,213,trials/trial-638.csv
639,213,trials/trial-639.csv
640,213,trials/trial-640.csv
641,214,trials/trial-641.csv
642,214,trials/trial-642.csv
643,214,trials/trial-643.csv
644,215,trials/trial-644.csv
645,215,trials/trial-645.csv
646,215,trials/trial-646.csv
647,216,trials/trial-647.csv
648,216,trials/trial-648.csv
649,216,trials/trial-649.csv
650,217,trials/trial-650.csv
651,217,trials/trial-651.csv
652,217,trials/trial-652.csv
653,218,trials/trial-653.csv
654,218,trials/trial-654.csv
655,218,trials/trial-655.csv
656,219,trials/trial-656.csv
657,219,trials/trial-657.csv
658,219,trials/trial-658.csv
659,220,trials/trial-659.csv
660,220,trials/trial-660.csv
661,220,trials/trial-661.csv
662,221,trials/trial-662.csv
663,221,trials/trial-663.csv
664,221,trials/trial-664.csv
665,222,trials/trial-665.csv
666,222,trials/trial-666.csv
667,222,trials/trial-667.csv
668,223,trials/trial-668.csv
669,223,trials/trial-669.csv
670,223,trials/trial-670.csv
671,224,trials/trial-671.csv
672,224,trials/trial-672.csv
673,224,trials/trial-673.csv
674,225,trials/trial-674.csv
675,225,trials/trial-675.csv
676,225,trials/trial-676.csv
677,226,trials/trial-677.csv
678,226,trials/trial-678.csv
679,226,trials/trial-679.csv
680,227,trials/trial-680.csv
681,227,trials/trial-681.csv
682,227,trials/trial-682.csv
683,228,trials/trial-683.csv
684,228,trials/trial-684.csv
685,228,trials/trial-685.csv
686,229,trials/trial-686.csv
687,229,trials/trial-687.csv
688,229,trials/trial-688.csv
689,230,trials/trial-689.csv
690,230,trials/trial-690.csv
691,230,trials/trial-691.csv
692,231,trials/trial-692.csv
693,231,trials/trial-693.csv
694,231,trials/trial-694.csv
695,232,trials/trial-695.csv
696,232,trials/trial-696.csv
697,232,trials/trial-697.csv
698,233,trials/trial-698.csv
699,233,trials/trial-699.csv
700,233,trials/trial-700.csv
701,234,trials/trial-701.csv
702,234,trials/trial-702.csv
703,234,trials/trial-703.csv
704,235,trials/trial-704.csv
705,235,trials/trial-705.csv
706,235,trials/trial-706.csv
707,236,trials/trial-707.csv
708,236,trials/trial-708.csv
709,236,trials/trial-709.csv
710,237,trials/trial-710.csv
711,237,trials/trial-711.csv
712,237,trials/trial-712.csv
713,238,trials/trial-713.csv
714,238,trials/trial-714.csv
715,238,trials/trial-715.csv
716,239,trials/trial-716.csv
717,239,trials/trial-717.csv
718,239,trials/trial-718.csv
719,240,trials/trial-719.csv
720,240,trials/trial-720.csv
721,240,trials/trial-721.csv
722,241,trials/trial-722.csv
723,241,trials/trial-723.csv
724,241,trials/trial-724.csv
725,242,trials/trial-725.csv
726,242,trials/trial-726.csv
727,242,trials/trial-727.csv
728,243,trials/trial-728.csv
729,243,trials/trial-729.csv
730,243,trials/trial-730.csv
731,244,trials/trial-731.csv
732,244,trials/trial-732.csv
733,244,trials/trial-733.csv
734,245,trials/trial-734.csv
735,245,trials/trial-735.csv
736,245,trials/trial-736.csv
737,246,trials/trial-737.csv
738,246,trials/trial-738.csv
739,246,trials/trial-739.csv
740,247,trials/trial-740.csv
741,247,trials/trial-741.csv
742,247,trials/trial-742.csv
743,248,trials/trial-743.csv
744,248,trials/trial-744.csv
745,248,trials/trial-745.csv
746,249,trials/trial-746.csv
747,249,trials/trial-747.csv
748,249,trials/trial-748.csv
749,250,trials/trial-749.csv
750,250,trials/trial-750.csv
751,250,trials/trial-751.csv
752,251,trials/trial-752.csv
753,251,trials/trial-753.csv
754,251,trials/trial-754.csv
755,252,trials/trial-755.csv
756,252,trials/trial-756.csv
757,252,trials/trial-757.csv
758,253,trials/trial-758.csv
759,253,trials/trial-759.csv
760,253,trials/trial-760.csv
761,254,trials/trial-761.csv
762,254,trials/trial-762.csv
763,254,trials/trial-763.csv
764,255,trials/trial-764.csv
765,255,trials/trial-765.csv
766,255,trials/trial-766.csv
767,256,trials/trial-767.csv
768,256,trials/trial-768.csv
769,256,trials/trial-769.csv
770,257,trials/trial-770.csv
771,257,trials/trial-771.csv
772,257,trials/trial-772.csv
773,258,trials/trial-773.csv
774,258,trials/trial-774.csv
775,258,trials/trial-775.csv
776,259,trials/trial-776.csv
777,259,trials/trial-777.csv
778,259,trials/trial-778.csv
779,260,trials/trial-779.csv
780,260,trials/trial-780.csv
781,260,trials/trial-781.csv
782,261,trials/trial-782.csv
783,261,trials/trial-783.csv
784,261,trials/trial-784.csv
785,262,trials/trial-785.csv
786,262,trials/trial-786.csv
787,262,trials/trial-787.csv
788,263,trials/trial-788.csv
789,263,trials/trial-789.csv
790,263,trials/trial-790.csv
791,264,trials/trial-791.csv
792,264,trials/trial-792.csv
793,264,trials/trial-793.csv
794,265,trials/trial-794.csv
795,265,trials/trial-795.csv
796,265,trials/trial-796.csv
797,266,trials/trial-797.csv
798,266,trials/trial-798.csv
799,266,trials/trial-799.csv
800,267,trials/trial-800.csv
801,267,trials/trial-801.csv
802,267,trials/trial-802.csv
803,268,trials/trial-803.csv
804,268,trials/trial-804.csv
805,268,trials/trial-805.csv
806,269,trials/trial-806.csv
807,269,trials/trial-807.csv
808,269,trials/trial-808.csv
809,270,trials/trial-809.csv
810,270,trials/trial-810.csv
811,270,trials/trial-811.csv
812,271,trials/trial-812.csv
813,271,trials/trial-813.csv
814,271,trials/trial-814.csv
815,272,trials/trial-815.csv
816,272,trials/trial-816.csv
817,272,trials/trial-817.csv
818,273,trials/trial-818.csv
819,273,trials/trial-819.csv
820,273,trials/trial-820.csv
821,274,trials/trial-821.csv
822,274,trials/trial-822.csv
823,274,trials/trial-823.csv
824,275,trials/trial-824.csv
825,275,trials/trial-825.csv
826,275,trials/trial-826.csv
827,276,trials/trial-827.csv
828,276,trials/trial-828.csv
829,276,trials/trial-829.csv
830,277,trials/trial-830.csv
831,277,trials/trial-831.csv
832,277,trials/trial-832.csv
833,278,trials/trial-833.csv
834,278,trials/trial-834.csv
835,278,trials/trial-835.csv
836,279,trials/trial-836.csv
837,279,trials/trial-837.csv
838,279,trials/trial-838.csv
839,280,trials/trial-839.csv
840,280,trials/trial-840.csv
841,280,trials/trial-841.csv
842,281,trials/trial-842.csv
843,281,trials/trial-843.csv
844,281,trials/trial-844.csv
845,282,trials/trial-845.csv
846,282,trials/trial-846.csv
847,282,trials/trial-847.csv
848,283,trials/trial-848.csv
849,283,trials/trial-849.csv
850,283,trials/trial-850.csv
851,284,trials/trial-851.csv
852,284,trials/trial-852.csv
853,284,trials/trial-853.csv
854,285,trials/trial-854.csv
855,285,trials/trial-855.csv
856,285,trials/trial-856.csv
857,286,trials/trial-857.csv
858,286,trials/trial-858.csv
859,286,trials/trial-859.csv
860,287,trials/trial-860.csv
861,287,trials/trial-861.csv
862,287,trials/trial-862.csv
863,288,trials/trial-863.csv
864,288,trials/trial-864.csv
865,288,trials/trial-865.csv
866,289,trials/trial-866.csv
867,289,trials/trial-867.csv
868,289,trials/trial-868.csv
869,290,trials/trial-869.csv
870,290,trials/trial-870.csv
871,290,trials/trial-871.csv
872,291,trials/trial-872.csv
873,291,trials/trial-873.csv
874,291,trials/trial-874.csv
875,292,trials/trial-875.csv
876,292,trials/trial-876.csv
877,292,trials/trial-877.csv
878,293,trials/trial-878.csv
879,293,trials/trial-879.csv
880,293,trials/trial-880.csv
881,294,trials/trial-881.csv
882,294,trials/trial-882.csv
883,294,trials/trial-883.csv
884,295,trials/trial-884.csv
885,295,trials/trial-885.csv
886,295,trials/trial-886.csv
887,296,trials/trial-887.csv
888,296,trials/trial-888.csv
889,296,trials/trial-889.csv
890,297,trials/trial-890.csv
891,297,trials/trial-891.csv
892,297,trials/trial-892.csv
893,298,trials/trial-893.csv
894,298,trials/trial-894.csv
895,298,trials/trial-895.csv
896,299,trials/trial-896.csv
897,299,trials/trial-897.csv
898,299,trials/trial-898.csv
899,300,trials/trial-899.csv
900,300,trials/trial-900.csv
901,300,trials/trial-901.csv
902,301,trials/trial-902.csv
903,301,trials/trial-903.csv
904,301,trials/trial-904.csv
905,302,trials/trial-905.csv
906,302,trials/trial-906.csv
907,302,trials/trial-907.csv
908,303,trials/trial-908.csv
909,303,trials/trial-909.csv
910,303,trials/trial-910.csv
911,304,trials/trial-911.csv
912,304,trials/trial-912.csv
913,304,trials/trial-913.csv
914,305,trials/trial-914.csv
915,305,trials/trial-915.csv
916,305,trials/trial-916.csv
917,306,trials/trial-917.csv
918,306,trials/trial-918.csv
919,306,trials/trial-919.csv
920,307,trials/trial-920.csv
921,307,trials/trial-921.csv
922,307,trials/trial-922.csv
923,308,trials/trial-923.csv
924,308,trials/trial-924.csv
925,308,trials/trial-925.csv
926,309,trials/trial-926.csv
927,309,trials/trial-927.csv
928,309,trials/trial-928.csv
929,310,trials/trial-929.csv
930,310,trials/trial-930.csv
931,310,trials/trial-931.csv
932,311,trials/trial-932.csv
933,311,trials/trial-933.csv
934,311,trials/trial-934.csv
935,312,trials/trial-935.csv
936,312,trials/trial-936.csv
937,312,trials/trial-937.csv
938,313,trials/trial-938.csv
939,313,trials/trial-939.csv
940,313,trials/trial-940.csv
941,314,trials/trial-941.csv
942,314,trials/trial-942.csv
943,314,trials/trial-943.csv
944,315,trials/trial-944.csv
945,315,trials/trial-945.csv
946,315,trials/trial-946.csv
947,316,trials/trial-947.csv
948,316,trials/trial-948.csv
949,316,trials/trial-949.csv
950,317,trials/trial-950.csv
951,317,trials/trial-951.csv
952,317,trials/trial-952.csv
953,318,trials/trial-953.csv
954,318,trials/trial-954.csv
955,318,trials/trial-955.csv
956,319,trials/trial-956.csv
957,319,trials/trial-957.csv
958,319,trials/trial-958.csv
959,320,trials/trial-959.csv
960,320,trials/trial-960.csv
961,320,trials/trial-961.csv
962,321,trials/trial-962.csv
963,321,trials/trial-963.csv
964,321,trials/trial-964.csv
965,322,trials/trial-965.csv
966,322,trials/trial-966.csv
967,322,trials/trial-967.csv
968,323,trials/trial-968.csv
969,323,trials/trial-969.csv
970,323,trials/trial-970.csv
971,324,trials/trial-971.csv
972,324,trials/trial-972.csv
973,324,trials/trial-973.csv
974,325,trials/trial-974.csv
975,325,trials/trial-975.csv
976,325,trials/trial-976.csv
977,326,trials/trial-977.csv
978,326,trials/trial-978.csv
979,326,trials/trial-979.csv
980,327,trials/trial-980.csv
981,327,trials/trial-981.csv
982,327,trials/trial-982.csv
983,328,trials/trial-983.csv
984,328,trials/trial-984.csv
985,328,trials/trial-985.csv
986,329,trials/trial-986.csv
987,329,trials/trial-987.csv
988,329,trials/trial-988.csv
989,330,trials/trial-989.csv
990,330,trials/trial-990.csv
991,330,trials/trial-991.csv
992,331,trials/trial-992.csv
993,331,trials/trial-993.csv
994,331,trials/trial-994.csv
995,332,trials/trial-995.csv
996,332,trials/trial-996.csv
997,332,trials/trial-997.csv
998,333,trials/trial-998.csv
999,333,trials/trial-999.csv
1000,333,trials/trial-1000.csv
1001,334,trials/trial-1001.csv
1002,334,trials/trial-1002.csv
1003,334,trials/trial-1003.csv
1004,335,trials/trial-1004.csv
1005,335,trials/trial-1005.csv
1006,335,trials/trial-1006.csv
1007,336,trials/trial-1007.csv
1008,336,trials/trial-1008.csv
1009,336,trials/trial-1009.csv
1010,337,trials/trial-1010.csv
1011,337,trials/trial-1011.csv
1012,337,trials/trial-1012.csv
1013,338,trials/trial-1013.csv
1014,338,trials/trial-1014.csv
1015,338,trials/trial-1015.csv
1016,339,trials/trial-1016.csv
1017,339,trials/trial-1017.csv
1018,339,trials/trial-1018.csv
1019,340,trials/trial-1019.csv
1020,340,trials/trial-1020.csv
1021,340,trials/trial-1021.csv
1022,341,trials/trial-1022.csv
1023,341,trials/trial-1023.csv
1024,341,trials/trial-1024.csv
1025,342,trials/trial-1025.csv
1026,342,trials/trial-1026.csv
1027,342,trials/trial-1027.csv
1028,343,trials/trial-1028.csv
1029,343,trials/trial-1029.csv
1030,343,trials/trial-1030.csv
1031,344,trials/trial-1031.csv
1032,344,trials/trial-1032.csv
1033,344,trials/trial-1033.csv
1034,345,trials/trial-1034.csv
1035,345,trials/trial-1035.csv
1036,345,trials/trial-1036.csv
1037,346,trials/trial-1037.csv
1038,346,trials/trial-1038.csv
1039,346,trials/trial-1039.csv
1040,347,trials/trial-1040.csv
1041,347,trials/trial-1041.csv
1042,347,trials/trial-1042.csv
1043,348,trials/trial-1043.csv
1044,348,trials/trial-1044.csv
1045,348,trials/trial-1045.csv
1046,349,trials/trial-1046.csv
1047,349,trials/trial-1047.csv
1048,349,trials/trial-1048.csv
1049,350,trials/trial-1049.csv
1050,350,trials/trial-1050.csv
1051,350,trials/trial-1051.csv
1052,351,trials/trial-1052.csv
1053,351,trials/trial-1053.csv
1054,351,trials/trial-1054.csv
1055,352,trials/trial-1055.csv
1056,352,trials/trial-1056.csv
1057,352,trials/trial-1057.csv
1058,353,trials/trial-1058.csv
1059,353,trials/trial-1059.csv
1060,353,trials/trial-1060.csv
1061,354,trials/trial-1061.csv
1062,354,trials/trial-1062.csv
1063,354,trials/trial-1063.csv
1064,355,trials/trial-1064.csv
1065,355,trials/trial-1065.csv
1066,355,trials/trial-1066.csv
1067,356,trials/trial-1067.csv
1068,356,trials/trial-1068.csv
1069,356,trials/trial-1069.csv
1070,357,trials/trial-1070.csv
1071,357,trials/trial-1071.csv
1072,357,trials/trial-1072.csv
1073,358,trials/trial-1073.csv
1074,358,trials/trial-1074.csv
1075,358,trials/trial-1075.csv
1076,359,trials/trial-1076.csv
1077,359,trials/trial-1077.csv
1078,359,trials/trial-1078.csv
1079,360,trials/trial-1079.csv
1080,360,trials/trial-1080.csv
1081,360,trials/trial-1081.csv
1082,361,trials/trial-1082.csv
1083,361,trials/trial-1083.csv
1084,361,trials/trial-1084.csv
1085,362,trials/trial-1085.csv
1086,362,trials/trial-1086.csv
1087,362,trials/trial-1087.csv
1088,363,trials/trial-1088.csv
1089,363,trials/trial-1089.csv
1090,363,trials/trial-1090.csv
1091,364,trials/trial-1091.csv
1092,364,trials/trial-1092.csv
1093,364,trials/trial-1093.csv
1094,365,trials/trial-1094.csv
1095,365,trials/trial-1095.csv
1096,365,trials/trial-1096.csv
1097,366,trials/trial-1097.csv
1098,366,trials/trial-1098.csv
1099,366,trials/trial-1099.csv
1100,367,trials/trial-1100.csv
1101,367,trials/trial-1101.csv
1102,367,trials/trial-1102.csv
1103,368,trials/trial-1103.csv
1104,368,trials/trial-1104.csv
1105,368,trials/trial-1105.csv
1106,369,trials/trial-1106.csv
1107,369,trials/trial-1107.csv
1108,369,trials/trial-1108.csv
1109,370,trials/trial-1109.csv
1110,370,trials/trial-1110.csv
1111,370,trials/trial-1111.csv
1112,371,trials/trial-1112.csv
1113,371,trials/trial-1113.csv
1114,371,trials/trial-1114.csv
1115,372,trials/trial-1115.csv
1116,372,trials/trial-1116.csv
1117,372,trials/trial-1117.csv
1118,373,trials/trial-1118.csv
1119,373,trials/trial-1119.csv
1120,373,trials/trial-1120.csv
1121,374,trials/trial-1121.csv
1122,374,trials/trial-1122.csv
1123,374,trials/trial-1123.csv
1124,375,trials/trial-1124.csv
1125,375,trials/trial-1125.csv
1126,375,trials/trial-1126.csv
1127,376,trials/trial-1127.csv
1128,376,trials/trial-1128.csv
1129,376,trials/trial-1129.csv
1130,377,trials/trial-1130.csv
1131,377,trials/trial-1131.csv
1132,377,trials/trial-1132.csv
1133,378,trials/trial-1133.csv
1134,378,trials/trial-1134.csv
1135,378,trials/trial-1135.csv
1136,379,trials/trial-1136.csv
1137,379,trials/trial-1137.csv
1138,379,trials/trial-1138.csv
1139,380,trials/trial-1139.csv
1140,380,trials/trial-1140.csv
1141,380,trials/trial-1141.csv
1142,381,trials/trial-1142.csv
1143,381,trials/trial-1143.csv
1144,381,trials/trial-1144.csv
1145,382,trials/trial-1145.csv
1146,382,trials/trial-1146.csv
1147,382,trials/trial-1147.csv
1148,383,trials/trial-1148.csv
1149,383,trials/trial-1149.csv
1150,383,trials/trial-1150.csv
1151,384,trials/trial-1151.csv
1152,384,trials/trial-1152.csv
1153,384,trials/trial-1153.csv
1154,385,trials/trial-1154.csv
1155,385,trials/trial-1155.csv
1156,385,trials/trial-1156.csv
1157,386,trials/trial-1157.csv
1158,386,trials/trial-1158.csv
1159,386,trials/trial-1159.csv
1160,387,trials/trial-1160.csv
1161,387,trials/trial-1161.csv
1162,387,trials/trial-1162.csv
1163,388,trials/trial-1163.csv
1164,388,trials/trial-1164.csv
1165,388,trials/trial-1165.csv
1166,389,trials/trial-1166.csv
1167,389,trials/trial-1167.csv
1168,389,trials/trial-1168.csv
1169,390,trials/trial-1169.csv
1170,390,trials/trial-1170.csv
1171,390,trials/trial-1171.csv
1172,391,trials/trial-1172.csv
1173,391,trials/trial-1173.csv
1174,391,trials/trial-1174.csv
1175,392,trials/trial-1175.csv
1176,392,trials/trial-1176.csv
1177,392,trials/trial-1177.csv
1178,393,trials/trial-1178.csv
1179,393,trials/trial-1179.csv
1180,393,trials/trial-1180.csv
1181,394,trials/trial-1181.csv
1182,394,trials/trial-1182.csv
1183,394,trials/trial-1183.csv
1184,395,trials/trial-1184.csv
1185,395,trials/trial-1185.csv
1186,395,trials/trial-1186.csv
1187,396,trials/trial-1187.csv
1188,396,trials/trial-1188.csv
1189,396,trials/trial-1189.csv
1190,397,trials/trial-1190.csv
1191,397,trials/trial-1191.csv
1192,397,trials/trial-1192.csv
1193,398,trials/trial-1193.csv
1194,398,trials/trial-1194.csv
1195,398,trials/trial-1195.csv
1196,399,trials/trial-1196.csv
1197,399,trials/trial-1197.csv
1198,399,trials/trial-1198.csv
1199,400,trials/trial-1199.csv
1200,400,trials/trial-1200.csv
1201,400,trials/trial-1201.csv
1202,401,trials/trial-1202.csv
1203,401,trials/trial-1203.csv
1204,401,trials/trial-1204.csv
1205,402,trials/trial-1205.csv
1206,402,trials/trial-1206.csv
1207,402,trials/trial-1207.csv
1208,403,trials/trial-1208.csv
1209,403,trials/trial-1209.csv
1210,403,trials/trial-1210.csv
1211,404,trials/trial-1211.csv
1212,404,trials/trial-1212.csv
1213,404,trials/trial-1213.csv
1214,405,trials/trial-1214.csv
1215,405,trials/trial-1215.csv
1216,405,trials/trial-1216.csv
1217,406,trials/trial-1217.csv
1218,406,trials/trial-1218.csv
1219,406,trials/trial-1219.csv
1220,407,trials/trial-1220.csv
1221,407,trials/trial-1221.csv
1222,407,trials/trial-1222.csv
1223,408,trials/trial-1223.csv
1224,408,trials/trial-1224.csv
1225,408,trials/trial-1225.csv
1226,409,trials/trial-1226.csv
1227,409,trials/trial-1227.csv
1228,409,trials/trial-1228.csv
1229,410,trials/trial-1229.csv
1230,410,trials/trial-1230.csv
1231,410,trials/trial-1231.csv
1232,411,trials/trial-1232.csv
1233,411,trials/trial-1233.csv
1234,411,trials/trial-1234.csv
1235,412,trials/trial-1235.csv
1236,412,trials/trial-1236.csv
1237,412,trials/trial-1237.csv
1238,413,trials/trial-1238.csv
1239,413,trials/trial-1239.csv
1240,413,trials/trial-1240.csv
1241,414,trials/trial-1241.csv
1242,414,trials/trial-1242.csv
1243,414,trials/trial-1243.csv
1244,415,trials/trial-1244.csv
1245,415,trials/trial-1245.csv
1246,415,trials/trial-1246.csv
1247,416,trials/trial-1247.csv
1248,416,trials/trial-1248.csv
1249,416,trials/trial-1249.csv
1250,417,trials/trial-1250.csv
1251,417,trials/trial-1251.csv
1252,417,trials/trial-1252.csv
1253,418,trials/trial-1253.csv
1254,418,trials/trial-1254.csv
1255,418,trials/trial-1255.csv
1256,419,trials/trial-1256.csv
1257,419,trials/trial-1257.csv
1258,419,trials/trial-1258.csv
1259,420,trials/trial-1259.csv
1260,420,trials/trial-1260.csv
1261,420,trials/trial-1261.csv
1262,421,trials/trial-1262.csv
1263,421,trials/trial-1263.csv
1264,421,trials/trial-1264.csv
1265,422,trials/trial-1265.csv
1266,422,trials/trial-1266.csv
1267,422,trials/trial-1267.csv
1268,423,trials/trial-1268.csv
1269,423,trials/trial-1269.csv
1270,423,trials/trial-1270.csv
1271,424,trials/trial-1271.csv
1272,424,trials/trial-1272.csv
1273,424,trials/trial-1273.csv
1274,425,trials/trial-1274.csv
1275,425,trials/trial-1275.csv
1276,425,trials/trial-1276.csv
1277,426,trials/trial-1277.csv
1278,426,trials/trial-1278.csv
1279,426,trials/trial-1279.csv
1280,427,trials/trial-1280.csv
1281,427,trials/trial-1281.csv
1282,427,trials/trial-1282.csv
1283,428,trials/trial-1283.csv
1284,428,trials/trial-1284.csv
1285,428,trials/trial-1285.csv
1286,429,trials/trial-1286.csv
1287,429,trials/trial-1287.csv
1288,429,trials/trial-1288.csv
1289,430,trials/trial-1289.csv
1290,430,trials/trial-1290.csv
1291,430,trials/trial-1291.csv
1292,431,trials/trial-1292.csv
1293,431,trials/trial-1293.csv
1294,431,trials/trial-1294.csv
1295,432,trials/trial-1295.csv
1296,432,trials/trial-1296.csv
1297,432,trials/trial-1297.csv
1298,433,trials/trial-1298.csv
1299,433,trials/trial-1299.csv
1300,433,trials/trial-1300.csv
1301,434,trials/trial-1301.csv
1302,434,trials/trial-1302.csv
1303,434,trials/trial-1303.csv
1304,435,trials/trial-1304.csv
1305,435,trials/trial-1305.csv
1306,435,trials/trial-1306.csv
1307,436,trials/trial-1307.csv
1308,436,trials/trial-1308.csv
1309,437,trials/trial-1309.csv
1310,437,trials/trial-1310.csv
1311,437,trials/trial-1311.csv
1312,438,trials/trial-1312.csv
1313,438,trials/trial-1313.csv
1314,438,trials/trial-1314.csv
1315,439,trials/trial-1315.csv
1316,439,trials/trial-1316.csv
1317,439,trials/trial-1317.csv
1318,440,trials/trial-1318.csv
1319,440,trials/trial-1319.csv
1320,440,trials/trial-1320.csv
1321,441,trials/trial-1321.csv
1322,441,trials/trial-1322.csv
1323,441,trials/trial-1323.csv
1324,442,trials/trial-1324.csv
1325,442,trials/trial-1325.csv
1326,442,trials/trial-1326.csv
1327,443,trials/trial-1327.csv
1328,443,trials/trial-1328.csv
1329,443,trials/trial-1329.csv
1330,444,trials/trial-1330.csv
1331,444,trials/trial-1331.csv
1332,444,trials/trial-1332.csv
1333,445,trials/trial-1333.csv
1334,445,trials/trial-1334.csv
1335,445,trials/trial-1335.csv
1336,446,trials/trial-1336.csv
1337,446,trials/trial-1337.csv
1338,446,trials/trial-1338.csv
1339,447,trials/trial-1339.csv
1340,447,trials/trial-1340.csv
1341,447,trials/trial-1341.csv
1342,448,trials/trial-1342.csv
1343,448,trials/trial-1343.csv
1344,448,trials/trial-1344.csv
1345,449,trials/trial-1345.csv
1346,449,trials/trial-1346.csv
1347,449,trials/trial-1347.csv
1348,450,trials/trial-1348.csv
1349,450,trials/trial-1349.csv
1350,450,trials/trial-1350.csv
1351,451,trials/trial-1351.csv
1352,451,trials/trial-1352.csv
1353,451,trials/trial-1353.csv
1354,452,trials/trial-1354.csv
1355,452,trials/trial-1355.csv
1356,452,trials/trial-1356.csv
1357,453,trials/trial-1357.csv
1358,453,trials/trial-1358.csv
1359,453,trials/trial-1359.csv
1360,454,trials/trial-1360.csv
1361,454,trials/trial-1361.csv
1362,454,trials/trial-1362.csv
1363,455,trials/trial-1363.csv
1364,456,trials/trial-1364.csv
1365,456,trials/trial-1365.csv
1366,456,trials/trial-1366.csv
1367,457,trials/trial-1367.csv
1368,457,trials/trial-1368.csv
1369,457,trials/trial-1369.csv
1370,458,trials/trial-1370.csv
1371,458,trials/trial-1371.csv
1372,458,trials/trial-1372.csv
1373,459,trials/trial-1373.csv
1374,459,trials/trial-1374.csv
1375,459,trials/trial-1375.csv
1376,460,trials/trial-1376.csv
1377,460,trials/trial-1377.csv
1378,460,trials/trial-1378.csv
1379,461,trials/trial-1379.csv
1380,461,trials/trial-1380.csv
1381,461,trials/trial-1381.csv
1382,462,trials/trial-1382.csv
1383,462,trials/trial-1383.csv
1384,462,trials/trial-1384.csv
1385,463,trials/trial-1385.csv
1386,463,trials/trial-1386.csv
1387,463,trials/trial-1387.csv
1388,464,trials/trial-1388.csv
1389,464,trials/trial-1389.csv
1390,464,trials/trial-1390.csv
1391,465,trials/trial-1391.csv
1392,465,trials/trial-1392.csv
1393,465,trials/trial-1393.csv
1394,466,trials/trial-1394.csv
1395,466,trials/trial-1395.csv
1396,466,trials/trial-1396.csv
1397,467,trials/trial-1397.csv
1398,467,trials/trial-1398.csv
1399,467,trials/trial-1399.csv
1400,468,trials/trial-1400.csv
1401,468,trials/trial-1401.csv
1402,468,trials/trial-1402.csv
1403,469,trials/trial-1403.csv
1404,469,trials/trial-1404.csv
1405,469,trials/trial-1405.csv
1406,470,trials/trial-1406.csv
1407,470,trials/trial-1407.csv
1408,470,trials/trial-1408.csv
1409,471,trials/trial-1409.csv
1410,471,trials/trial-1410.csv
1411,471,trials/trial-1411.csv
1412,472,trials/trial-1412.csv
1413,472,trials/trial-1413.csv
1414,472,trials/trial-1414.csv
1415,473,trials/trial-1415.csv
1416,473,trials/trial-1416.csv
1417,473,trials/trial-1417.csv
1418,474,trials/trial-1418.csv
1419,474,trials/trial-1419.csv
1420,474,trials/trial-1420.csv
1421,475,trials/trial-1421.csv
1422,475,trials/trial-1422.csv
1423,475,trials/trial-1423.csv
1424,476,trials/trial-1424.csv
1425,476,trials/trial-1425.csv
1426,476,trials/trial-1426.csv
1427,477,trials/trial-1427.csv
1428,477,trials/trial-1428.csv
1429,477,trials/trial-1429.csv
1430,478,trials/trial-1430.csv
1431,478,trials/trial-1431.csv
1432,478,trials/trial-1432.csv
1433,479,trials/trial-1433.csv
1434,479,trials/trial-1434.csv
1435,479,trials/trial-1435.csv
1436,480,trials/trial-1436.csv
1437,480,trials/trial-1437.csv
1438,480,trials/trial-1438.csv
1439,481,trials/trial-1439.csv
1440,481,trials/trial-1440.csv
1441,481,trials/trial-1441.csv
1442,482,trials/trial-1442.csv
1443,482,trials/trial-1443.csv
1444,482,trials/trial-1444.csv
1445,483,trials/trial-1445.csv
1446,483,trials/trial-1446.csv
1447,483,trials/trial-1447.csv
1448,484,trials/trial-1448.csv
1449,484,trials/trial-1449.csv
1450,484,trials/trial-1450.csv
1451,485,trials/trial-1451.csv
1452,485,trials/trial-1452.csv
1453,485,trials/trial-1453.csv
1454,485,trials/trial-1454.csv
1455,486,trials/trial-1455.csv
1456,486,trials/trial-1456.csv
1457,486,trials/trial-1457.csv
1458,487,trials/trial-1458.csv
1459,487,trials/trial-1459.csv
1460,487,trials/trial-1460.csv
1461,488,trials/trial-1461.csv
1462,488,trials/trial-1462.csv
1463,488,trials/trial-1463.csv
1464,489,trials/trial-1464.csv
1465,489,trials/trial-1465.csv
1466,489,trials/trial-1466.csv
1467,490,trials/trial-1467.csv
1468,490,trials/trial-1468.csv
1469,490,trials/trial-1469.csv
1470,491,trials/trial-1470.csv
1471,491,trials/trial-1471.csv
1472,491,trials/trial-1472.csv
1473,492,trials/trial-1473.csv
1474,492,trials/trial-1474.csv
1475,492,trials/trial-1475.csv
1476,493,trials/trial-1476.csv
1477,493,trials/trial-1477.csv
1478,493,trials/trial-1478.csv
1479,494,trials/trial-1479.csv
1480,494,trials/trial-1480.csv
1481,494,trials/trial-1481.csv
1482,495,trials/trial-1482.csv
1483,495,trials/trial-1483.csv
1484,495,trials/trial-1484.csv
1485,496,trials/trial-1485.csv
1486,496,trials/trial-1486.csv
1487,496,trials/trial-1487.csv
1488,497,trials/trial-1488.csv
1489,497,trials/trial-1489.csv
1490,497,trials/trial-1490.csv
1491,498,trials/trial-1491.csv
1492,498,trials/trial-1492.csv
1493,498,trials/trial-1493.csv
1494,499,trials/trial-1494.csv
1495,499,trials/trial-1495.csv
1496,499,trials/trial-1496.csv
1497,500,trials/trial-1497.csv
1498,500,trials/trial-1498.csv
1499,500,trials/trial-1499.csv
1500,501,trials/trial-1500.csv
1501,501,trials/trial-1501.csv
1502,501,trials/trial-1502.csv
1503,502,trials/trial-1503.csv
1504,502,trials/trial-1504.csv
1505,502,trials/trial-1505.csv
1506,503,trials/trial-1506.csv
1507,503,trials/trial-1507.csv
1508,503,trials/trial-1508.csv
1509,504,trials/trial-1509.csv
1510,504,trials/trial-1510.csv
1511,504,trials/trial-1511.csv
1512,505,trials/trial-1512.csv
1513,505,trials/trial-1513.csv
1514,505,trials/trial-1514.csv
1515,506,trials/trial-1515.csv
1516,506,trials/trial-1516.csv
1517,506,trials/trial-1517.csv
1518,507,trials/trial-1518.csv
1519,507,trials/trial-1519.csv
1520,507,trials/trial-1520.csv
1521,508,trials/trial-1521.csv
1522,508,trials/trial-1522.csv
1523,508,trials/trial-1523.csv
1524,509,trials/trial-1524.csv
1525,509,trials/trial-1525.csv
1526,509,trials/trial-1526.csv
1527,510,trials/trial-1527.csv
1528,510,trials/trial-1528.csv
1529,510,trials/trial-1529.csv
1530,511,trials/trial-1530.csv
1531,511,trials/trial-1531.csv
1532,511,trials/trial-1532.csv
1533,512,trials/trial-1533.csv
1534,512,trials/trial-1534.csv
1535,512,trials/trial-1535.csv
1536,513,trials/trial-1536.csv
1537,513,trials/trial-1537.csv
1538,513,trials/trial-1538.csv
1539,514,trials/trial-1539.csv
1540,514,trials/trial-1540.csv
1541,514,trials/trial-1541.csv
1542,515,trials/trial-1542.csv
1543,515,trials/trial-1543.csv
1544,515,trials/trial-1544.csv
1545,516,trials/trial-1545.csv
1546,516,trials/trial-1546.csv
1547,516,trials/trial-1547.csv
1548,517,trials/trial-1548.csv
1549,517,trials/trial-1549.csv
1550,517,trials/trial-1550.csv
1551,518,trials/trial-1551.csv
1552,518,trials/trial-1552.csv
1553,519,trials/trial-1553.csv
1554,519,trials/trial-1554.csv
1555,519,trials/trial-1555.csv
1556,520,trials/trial-1556.csv
1557,520,trials/trial-1557.csv
1558,520,trials/trial-1558.csv
1559,521,trials/trial-1559.csv
1560,521,trials/trial-1560.csv
1561,521,trials/trial-1561.csv
1562,522,trials/trial-1562.csv
1563,522,trials/trial-1563.csv
1564,522,trials/trial-1564.csv
1565,523,trials/trial-1565.csv
1566,523,trials/trial-1566.csv
1567,523,trials/trial-1567.csv
1568,524,trials/trial-1568.csv
1569,524,trials/trial-1569.csv
1570,524,trials/trial-1570.csv
1571,525,trials/trial-1571.csv
1572,525,trials/trial-1572.csv
1573,525,trials/trial-1573.csv
1574,526,trials/trial-1574.csv
1575,526,trials/trial-1575.csv
1576,526,trials/trial-1576.csv
1577,527,trials/trial-1577.csv
1578,527,trials/trial-1578.csv
1579,527,trials/trial-1579.csv
1580,528,trials/trial-1580.csv
1581,528,trials/trial-1581.csv
1582,528,trials/trial-1582.csv
1583,529,trials/trial-1583.csv
1584,529,trials/trial-1584.csv
1585,529,trials/trial-1585.csv
1586,530,trials/trial-1586.csv
1587,530,trials/trial-1587.csv
1588,530,trials/trial-1588.csv
1589,531,trials/trial-1589.csv
1590,531,trials/trial-1590.csv
1591,531,trials/trial-1591.csv
1592,532,trials/trial-1592.csv
1593,532,trials/trial-1593.csv
1594,532,trials/trial-1594.csv
1595,533,trials/trial-1595.csv
1596,533,trials/trial-1596.csv
1597,533,trials/trial-1597.csv
1598,534,trials/trial-1598.csv
1599,534,trials/trial-1599.csv
1600,534,trials/trial-1600.csv
1601,535,trials/trial-1601.csv
1602,535,trials/trial-1602.csv
1603,535,trials/trial-1603.csv
1604,536,trials/trial-1604.csv
1605,536,trials/trial-1605.csv
1606,536,trials/trial-1606.csv
1607,537,trials/trial-1607.csv
1608,537,trials/trial-1608.csv
1609,537,trials/trial-1609.csv
1610,538,trials/trial-1610.csv
1611,538,trials/trial-1611.csv
1612,538,trials/trial-1612.csv
1613,539,trials/trial-1613.csv
1614,539,trials/trial-1614.csv
1615,539,trials/trial-1615.csv
1616,540,trials/trial-1616.csv
1617,540,trials/trial-1617.csv
1618,540,trials/trial-1618.csv
1619,541,trials/trial-1619.csv
1620,541,trials/trial-1620.csv
1621,541,trials/trial-1621.csv
1622,542,trials/trial-1622.csv
1623,542,trials/trial-1623.csv
1624,542,trials/trial-1624.csv
1625,543,trials/trial-1625.csv
1626,543,trials/trial-1626.csv
1627,543,trials/trial-1627.csv
1628,544,trials/trial-1628.csv
1629,544,trials/trial-1629.csv
1630,544,trials/trial-1630.csv
1631,545,trials/trial-1631.csv
1632,545,trials/trial-1632.csv
1633,545,trials/trial-1633.csv
1634,546,trials/trial-1634.csv
1635,546,trials/trial-1635.csv
1636,546,trials/trial-1636.csv
1637,547,trials/trial-1637.csv
1638,547,trials/trial-1638.csv
1639,547,trials/trial-1639.csv
1640,548,trials/trial-1640.csv
1641,548,trials/trial-1641.csv
1642,548,trials/trial-1642.csv
1643,549,trials/trial-1643.csv
1644,549,trials/trial-1644.csv
1645,549,trials/trial-1645.csv
1646,550,trials/trial-1646.csv
1647,550,trials/trial-1647.csv
1648,550,trials/trial-1648.csv
1649,551,trials/trial-1649.csv
1650,551,trials/trial-1650.csv
1651,551,trials/trial-1651.csv
1652,552,trials/trial-1652.csv
1653,552,trials/trial-1653.csv
1654,552,trials/trial-1654.csv
1655,553,trials/trial-1655.csv
1656,553,trials/trial-1656.csv
1657,553,trials/trial-1657.csv
1658,554,trials/trial-1658.csv
1659,554,trials/trial-1659.csv
1660,554,trials/trial-1660.csv
1661,555,trials/trial-1661.csv
1662,555,trials/trial-1662.csv
1663,555,trials/trial-1663.csv
1664,556,trials/trial-1664.csv
1665,556,trials/trial-1665.csv
1666,556,trials/trial-1666.csv
1667,557,trials/trial-1667.csv
1668,557,trials/trial-1668.csv
1669,557,trials/trial-1669.csv
1670,558,trials/trial-1670.csv
1671,558,trials/trial-1671.csv
1672,558,trials/trial-1672.csv
1673,559,trials/trial-1673.csv
1674,559,trials/trial-1674.csv
1675,559,trials/trial-1675.csv
1676,560,trials/trial-1676.csv
1677,560,trials/trial-1677.csv
1678,560,trials/trial-1678.csv
1679,561,trials/trial-1679.csv
1680,561,trials/trial-1680.csv
1681,561,trials/trial-1681.csv
1682,562,trials/trial-1682.csv
1683,562,trials/trial-1683.csv
1684,562,trials/trial-1684.csv
1685,563,trials/trial-1685.csv
1686,563,trials/trial-1686.csv
1687,563,trials/trial-1687.csv
1688,564,trials/trial-1688.csv
1689,564,trials/trial-1689.csv
1690,564,trials/trial-1690.csv
1691,565,trials/trial-1691.csv
1692,565,trials/trial-1692.csv
1693,565,trials/trial-1693.csv
1694,566,trials/trial-1694.csv
1695,566,trials/trial-1695.csv
1696,566,trials/trial-1696.csv
1697,567,trials/trial-1697.csv
1698,567,trials/trial-1698.csv
1699,568,trials/trial-1699.csv
1700,568,trials/trial-1700.csv
1701,568,trials/trial-1701.csv
1702,569,trials/trial-1702.csv
1703,569,trials/trial-1703.csv
1704,569,trials/trial-1704.csv
1705,570,trials/trial-1705.csv
1706,570,trials/trial-1706.csv
1707,570,trials/trial-1707.csv
1708,571,trials/trial-1708.csv
1709,571,trials/trial-1709.csv
1710,571,trials/trial-1710.csv
1711,572,trials/trial-1711.csv
1712,572,trials/trial-1712.csv
1713,572,trials/trial-1713.csv
1714,573,trials/trial-1714.csv
1715,573,trials/trial-1715.csv
1716,573,trials/trial-1716.csv
1717,574,trials/trial-1717.csv
1718,574,trials/trial-1718.csv
1719,574,trials/trial-1719.csv
1720,575,trials/trial-1720.csv
1721,575,trials/trial-1721.csv
1722,575,trials/trial-1722.csv
1723,576,trials/trial-1723.csv
1724,576,trials/trial-1724.csv
1725,576,trials/trial-1725.csv
1726,577,trials/trial-1726.csv
1727,577,trials/trial-1727.csv
1728,577,trials/trial-1728.csv
1729,578,trials/trial-1729.csv
1730,578,trials/trial-1730.csv
1731,578,trials/trial-1731.csv
1732,579,trials/trial-1732.csv
1733,579,trials/trial-1733.csv
1734,579,trials/trial-1734.csv
1735,580,trials/trial-1735.csv
1736,580,trials/trial-1736.csv
1737,580,trials/trial-1737.csv
1738,581,trials/trial-1738.csv
1739,581,trials/trial-1739.csv
1740,581,trials/trial-1740.csv
1741,582,trials/trial-1741.csv
1742,582,trials/trial-1742.csv
1743,582,trials/trial-1743.csv
1744,583,trials/trial-1744.csv
1745,583,trials/trial-1745.csv
1746,583,trials/trial-1746.csv
1747,584,trials/trial-1747.csv
1748,584,trials/trial-1748.csv
1749,584,trials/trial-1749.csv
1750,585,trials/trial-1750.csv
1751,585,trials/trial-1751.csv
1752,585,trials/trial-1752.csv
1753,586,trials/trial-1753.csv
1754,586,trials/trial-1754.csv
1755,586,trials/trial-1755.csv
1756,587,trials/trial-1756.csv
1757,587,trials/trial-1757.csv
1758,587,trials/trial-1758.csv
1759,588,trials/trial-1759.csv
1760,588,trials/trial-1760.csv
1761,588,trials/trial-1761.csv
1762,589,trials/trial-1762.csv
1763,589,trials/trial-1763.csv
1764,589,trials/trial-1764.csv
1765,590,trials/trial-1765.csv
1766,590,trials/trial-1766.csv
1767,590,trials/trial-1767.csv
1768,591,trials/trial-1768.csv
1769,591,trials/trial-1769.csv
1770,591,trials/trial-1770.csv
1771,592,trials/trial-1771.csv
1772,592,trials/trial-1772.csv
1773,592,trials/trial-1773.csv
1774,593,trials/trial-1774.csv
1775,593,trials/trial-1775.csv
1776,593,trials/trial-1776.csv
1777,594,trials/trial-1777.csv
1778,594,trials/trial-1778.csv
1779,594,trials/trial-1779.csv
1780,595,trials/trial-1780.csv
1781,595,trials/trial-1781.csv
1782,595,trials/trial-1782.csv
1783,596,trials/trial-1783.csv
1784,596,trials/trial-1784.csv
1785,596,trials/trial-1785.csv
1786,597,trials/trial-1786.csv
1787,597,trials/trial-1787.csv
1788,597,trials/trial-1788.csv
1789,598,trials/trial-1789.csv
1790,598,trials/trial-1790.csv
1791,598,trials/trial-1791.csv
1792,599,trials/trial-1792.csv
1793,599,trials/trial-1793.csv
1794,599,trials/trial-1794.csv
1795,600,trials/trial-1795.csv
1796,600,trials/trial-1796.csv
1797,600,trials/trial-1797.csv
1798,601,trials/trial-1798.csv
1799,601,trials/trial-1799.csv
1800,601,trials/trial-1800.csv
1801,602,trials/trial-1801.csv
1802,602,trials/trial-1802.csv
1803,602,trials/trial-1803.csv
1804,603,trials/trial-1804.csv
1805,603,trials/trial-1805.csv
1806,603,trials/trial-1806.csv
1807,604,trials/trial-1807.csv
1808,604,trials/trial-1808.csv
1809,604,trials/trial-1809.csv
1810,605,trials/trial-1810.csv
1811,605,trials/trial-1811.csv
1812,605,trials/trial-1812.csv
1813,606,trials/trial-1813.csv
1814,606,trials/trial-1814.csv
1815,606,trials/trial-1815.csv
1816,607,trials/trial-1816.csv
1817,607,trials/trial-1817.csv
1818,607,trials/trial-1818.csv
1819,608,trials/trial-1819.csv
1820,608,trials/trial-1820.csv
1821,608,trials/trial-1821.csv
1822,609,trials/trial-1822.csv
1823,609,trials/trial-1823.csv
1824,609,trials/trial-1824.csv
1825,610,trials/trial-1825.csv
1826,610,trials/trial-1826.csv
1827,610,trials/trial-1827.csv
1828,611,trials/trial-1828.csv
1829,611,trials/trial-1829.csv
1830,611,trials/trial-1830.csv
1831,612,trials/trial-1831.csv
1832,612,trials/trial-1832.csv
1833,612,trials/trial-1833.csv
1834,613,trials/trial-1834.csv
1835,613,trials/trial-1835.csv
1836,613,trials/trial-1836.csv
1837,614,trials/trial-1837.csv
1838,614,trials/trial-1838.csv
1839,614,trials/trial-1839.csv
1840,615,trials/trial-1840.csv
1841,615,trials/trial-1841.csv
1842,615,trials/trial-1842.csv
1843,616,trials/trial-1843.csv
1844,616,trials/trial-1844.csv
1845,616,trials/trial-1845.csv
1846,617,trials/trial-1846.csv
1847,617,trials/trial-1847.csv
1848,617,trials/trial-1848.csv
1849,618,trials/trial-1849.csv
1850,618,trials/trial-1850.csv
1851,618,trials/trial-1851.csv
1852,619,trials/trial-1852.csv
1853,619,trials/trial-1853.csv
1854,619,trials/trial-1854.csv
1855,620,trials/trial-1855.csv
1856,620,trials/trial-1856.csv
1857,620,trials/trial-1857.csv
1858,621,trials/trial-1858.csv
1859,621,trials/trial-1859.csv
1860,621,trials/trial-1860.csv
1861,622,trials/trial-1861.csv
1862,622,trials/trial-1862.csv
1863,622,trials/trial-1863.csv
1864,623,trials/trial-1864.csv
1865,623,trials/trial-1865.csv
1866,623,trials/trial-1866.csv
1867,624,trials/trial-1867.csv
1868,624,trials/trial-1868.csv
1869,624,trials/trial-1869.csv
1870,625,trials/trial-1870.csv
1871,625,trials/trial-1871.csv
1872,625,trials/trial-1872.csv
1873,626,trials/trial-1873.csv
1874,626,trials/trial-1874.csv
1875,626,trials/trial-1875.csv
1876,627,trials/trial-1876.csv
1877,627,trials/trial-1877.csv
1878,627,trials/trial-1878.csv
1879,628,trials/trial-1879.csv
1880,628,trials/trial-1880.csv
1881,628,trials/trial-1881.csv
1882,629,trials/trial-1882.csv
1883,629,trials/trial-1883.csv
1884,629,trials/trial-1884.csv
1885,630,trials/trial-1885.csv
1886,630,trials/trial-1886.csv
1887,630,trials/trial-1887.csv
1888,631,trials/trial-1888.csv
1889,631,trials/trial-1889.csv
1890,631,trials/trial-1890.csv
1891,632,trials/trial-1891.csv
1892,632,trials/trial-1892.csv
1893,632,trials/trial-1893.csv
1894,633,trials/trial-1894.csv
1895,633,trials/trial-1895.csv
1896,633,trials/trial-1896.csv
1897,634,trials/trial-1897.csv
1898,634,trials/trial-1898.csv
1899,634,trials/trial-1899.csv
1900,635,trials/trial-1900.csv
1901,635,trials/trial-1901.csv
1902,635,trials/trial-1902.csv
1903,636,trials/trial-1903.csv
1904,636,trials/trial-1904.csv
1905,636,trials/trial-1905.csv
1906,637,trials/trial-1906.csv
1907,637,trials/trial-1907.csv
1908,637,trials/trial-1908.csv
1909,638,trials/trial-1909.csv
1910,638,trials/trial-1910.csv
1911,638,trials/trial-1911.csv
1912,639,trials/trial-1912.csv
1913,639,trials/trial-1913.csv
1914,639,trials/trial-1914.csv
1915,640,trials/trial-1915.csv
1916,640,trials/trial-1916.csv
1917,640,trials/trial-1917.csv
1918,641,trials/trial-1918.csv
1919,641,trials/trial-1919.csv
1920,641,trials/trial-1920.csv
1921,642,trials/trial-1921.csv
1922,642,trials/trial-1922.csv
1923,642,trials/trial-1923.csv
1924,643,trials/trial-1924.csv
1925,643,trials/trial-1925.csv
1926,643,trials/trial-1926.csv
1927,644,trials/trial-1927.csv
1928,644,trials/trial-1928.csv
1929,644,trials/trial-1929.csv
1930,645,trials/trial-1930.csv
1931,645,trials/trial-1931.csv
1932,645,trials/trial-1932.csv
1933,646,trials/trial-1933.csv
1934,646,trials/trial-1934.csv
1935,646,trials/trial-1935.csv
1936,647,trials/trial-1936.csv
1937,647,trials/trial-1937.csv
1938,647,trials/trial-1938.csv
1939,648,trials/trial-1939.csv
1940,648,trials/trial-1940.csv
1941,648,trials/trial-1941.csv
1942,649,trials/trial-1942.csv
1943,649,trials/trial-1943.csv
1944,649,trials/trial-1944.csv
1945,650,trials/trial-1945.csv
1946,650,trials/trial-1946.csv
1947,650,trials/trial-1947.csv
1948,651,trials/trial-1948.csv
1949,651,trials/trial-1949.csv
1950,651,trials/trial-1950.csv
1951,652,trials/trial-1951.csv
1952,652,trials/trial-1952.csv
1953,652,trials/trial-1953.csv
1954,653,trials/trial-1954.csv
1955,653,trials/trial-1955.csv
1956,653,trials/trial-1956.csv
1957,654,trials/trial-1957.csv
1958,654,trials/trial-1958.csv
1959,654,trials/trial-1959.csv
1960,655,trials/trial-1960.csv
1961,655,trials/trial-1961.csv
1962,655,trials/trial-1962.csv
1963,656,trials/trial-1963.csv
1964,656,trials/trial-1964.csv
1965,656,trials/trial-1965.csv
1966,657,trials/trial-1966.csv
1967,657,trials/trial-1967.csv
1968,657,trials/trial-1968.csv
1969,658,trials/trial-1969.csv
1970,658,trials/trial-1970.csv
1971,658,trials/trial-1971.csv
1972,659,trials/trial-1972.csv
1973,659,trials/trial-1973.csv
1974,659,trials/trial-1974.csv
1975,660,trials/trial-1975.csv
1976,660,trials/trial-1976.csv
1977,660,trials/trial-1977.csv
1978,661,trials/trial-1978.csv
1979,661,trials/trial-1979.csv
1980,661,trials/trial-1980.csv
1981,662,trials/trial-1981.csv
1982,662,trials/trial-1982.csv
1983,662,trials/trial-1983.csv
1984,663,trials/trial-1984.csv
1985,663,trials/trial-1985.csv
1986,663,trials/trial-1986.csv
1987,664,trials/trial-1987.csv
1988,664,trials/trial-1988.csv
1989,664,trials/trial-1989.csv
1990,665,trials/trial-1990.csv
1991,665,trials/trial-1991.csv
1992,665,trials/trial-1992.csv
1993,666,trials/trial-1993.csv
1994,666,trials/trial-1994.csv
1995,666,trials/trial-1995.csv
1996,667,trials/trial-1996.csv
1997,667,trials/trial-1997.csv
1998,667,trials/trial-1998.csv
1999,668,trials/trial-1999.csv
2000,668,trials/trial-2000.csv
2001,668,trials/trial-2001.csv
2002,669,trials/trial-2002.csv
2003,669,trials/trial-2003.csv
2004,669,trials/trial-2004.csv
2005,670,trials/trial-2005.csv
2006,670,trials/trial-2006.csv
2007,670,trials/trial-2007.csv
2008,671,trials/trial-2008.csv
2009,671,trials/trial-2009.csv
2010,671,trials/trial-2010.csv
2011,672,trials/trial-2011.csv
2012,672,trials/trial-2012.csv
2013,672,trials/trial-2013.csv
2014,673,trials/trial-2014.csv
2015,673,trials/trial-2015.csv
2016,673,trials/trial-2016.csv
2017,674,trials/trial-2017.csv
2018,674,trials/trial-2018.csv
2019,674,trials/trial-2019.csv
2020,675,trials/trial-2020.csv
2021,675,trials/trial-2021.csv
2022,675,trials/trial-2022.csv
2023,676,trials/trial-2023.csv
2024,676,trials/trial-2024.csv
2025,676,trials/trial-2025.csv
2026,677,trials/trial-2026.csv
2027,677,trials/trial-2027.csv
2028,677,trials/trial-2028.csv
2029,678,trials/trial-2029.csv
2030,678,trials/trial-2030.csv
2031,678,trials/trial-2031.csv
2032,679,trials/trial-2032.csv
2033,679,trials/trial-2033.csv
2034,679,trials/trial-2034.csv
2035,680,trials/trial-2035.csv
2036,680,trials/trial-2036.csv
2037,680,trials/trial-2037.csv
2038,681,trials/trial-2038.csv
2039,681,trials/trial-2039.csv
2040,681,trials/trial-2040.csv
2041,682,trials/trial-2041.csv
2042,682,trials/trial-2042.csv
2043,682,trials/trial-2043.csv
2044,683,trials/trial-2044.csv
2045,683,trials/trial-2045.csv
2046,683,trials/trial-2046.csv
2047,684,trials/trial-2047.csv
2048,684,trials/trial-2048.csv
2049,684,trials/trial-2049.csv
2050,685,trials/trial-2050.csv
2051,685,trials/trial-2051.csv
2052,685,trials/trial-2052.csv
2053,686,trials/trial-2053.csv
2054,686,trials/trial-2054.csv
2055,686,trials/trial-2055.csv
2056,687,trials/trial-2056.csv
2057,687,trials/trial-2057.csv
2058,687,trials/trial-2058.csv
2059,688,trials/trial-2059.csv
2060,688,trials/trial-2060.csv
2061,688,trials/trial-2061.csv
2062,689,trials/trial-2062.csv
2063,689,trials/trial-2063.csv
2064,689,trials/trial-2064.csv
2065,690,trials/trial-2065.csv
2066,690,trials/trial-2066.csv
2067,690,trials/trial-2067.csv
2068,691,trials/trial-2068.csv
2069,691,trials/trial-2069.csv
2070,691,trials/trial-2070.csv
2071,692,trials/trial-2071.csv
2072,692,trials/trial-2072.csv
2073,692,trials/trial-2073.csv
2074,693,trials/trial-2074.csv
2075,693,trials/trial-2075.csv
2076,693,trials/trial-2076.csv
2077,694,trials/trial-2077.csv
2078,694,trials/trial-2078.csv
2079,694,trials/trial-2079.csv
2080,695,trials/trial-2080.csv
2081,695,trials/trial-2081.csv
2082,695,trials/trial-2082.csv
2083,696,trials/trial-2083.csv
2084,696,trials/trial-2084.csv
2085,696,trials/trial-2085.csv
2086,697,trials/trial-2086.csv
2087,697,trials/trial-2087.csv
2088,697,trials/trial-2088.csv
2089,698,trials/trial-2089.csv
2090,698,trials/trial-2090.csv
2091,698,trials/trial-2091.csv
2092,699,trials/trial-2092.csv
2093,699,trials/trial-2093.csv
2094,699,trials/trial-2094.csv
2095,700,trials/trial-2095.csv
2096,700,trials/trial-2096.csv
2097,700,trials/trial-2097.csv
2098,701,trials/trial-2098.csv
2099,701,trials/trial-2099.csv
2100,701,trials/trial-2100.csv
2101,702,trials/trial-2101.csv
2102,702,trials/trial-2102.csv
2103,702,trials/trial-2103.csv
2104,703,trials/trial-2104.csv
2105,703,trials/trial-2105.csv
2106,703,trials/trial-2106.csv
2107,704,trials/trial-2107.csv
2108,704,trials/trial-2108.csv
2109,704,trials/trial-2109.csv
2110,705,trials/trial-2110.csv
2111,705,trials/trial-2111.csv
2112,705,trials/trial-2112.csv
2113,706,trials/trial-2113.csv
2114,706,trials/trial-2114.csv
2115,706,trials/trial-2115.csv
2116,707,trials/trial-2116.csv
2117,707,trials/trial-2117.csv
2118,707,trials/trial-2118.csv
2119,708,trials/trial-2119.csv
2120,708,trials/trial-2120.csv
2121,708,trials/trial-2121.csv
2122,709,trials/trial-2122.csv
2123,709,trials/trial-2123.csv
2124,709,trials/trial-2124.csv
2125,710,trials/trial-2125.csv
2126,710,trials/trial-2126.csv
2127,710,trials/trial-2127.csv
2128,711,trials/trial-2128.csv
2129,711,trials/trial-2129.csv
2130,711,trials/trial-2130.csv
2131,712,trials/trial-2131.csv
2132,712,trials/trial-2132.csv
2133,712,trials/trial-2133.csv
2134,713,trials/trial-2134.csv
2135,713,trials/trial-2135.csv
2136,713,trials/trial-2136.csv
2137,714,trials/trial-2137.csv
2138,714,trials/trial-2138.csv
2139,714,trials/trial-2139.csv
2140,715,trials/trial-2140.csv
2141,715,trials/trial-2141.csv
2142,715,trials/trial-2142.csv
2143,716,trials/trial-2143.csv
2144,716,trials/trial-2144.csv
2145,716,trials/trial-2145.csv
2146,717,trials/trial-2146.csv
2147,717,trials/trial-2147.csv
2148,717,trials/trial-2148.csv
2149,718,trials/trial-2149.csv
2150,718,trials/trial-2150.csv
2151,718,trials/trial-2151.csv
2152,719,trials/trial-2152.csv
2153,719,trials/trial-2153.csv
2154,719,trials/trial-2154.csv
2155,720,trials/trial-2155.csv
2156,720,trials/trial-2156.csv
2157,720,trials/trial-2157.csv
2158,721,trials/trial-2158.csv
2159,721,trials/trial-2159.csv
2160,721,trials/trial-2160.csv
2161,722,trials/trial-2161.csv
2162,722,trials/trial-2162.csv
2163,722,trials/trial-2163.csv
2164,723,trials/trial-2164.csv
2165,723,trials/trial-2165.csv
2166,723,trials/trial-2166.csv
2167,724,trials/trial-2167.csv
2168,724,trials/trial-2168.csv
2169,724,trials/trial-2169.csv
2170,725,trials/trial-2170.csv
2171,725,trials/trial-2171.csv
2172,725,trials/trial-2172.csv
2173,726,trials/trial-2173.csv
2174,726,trials/trial-2174.csv
2175,726,trials/trial-2175.csv
2176,727,trials/trial-2176.csv
2177,727,trials/trial-2177.csv
2178,727,trials/trial-2178.csv
2179,728,trials/trial-2179.csv
2180,728,trials/trial-2180.csv
2181,728,trials/trial-2181.csv
2182,729,trials/trial-2182.csv
2183,729,trials/trial-2183.csv
2184,729,trials/trial-2184.csv
2185,730,trials/trial-2185.csv
2186,730,trials/trial-2186.csv
2187,730,trials/trial-2187.csv
2188,731,trials/trial-2188.csv
2189,731,trials/trial-2189.csv
2190,731,trials/trial-2190.csv
2191,732,trials/trial-2191.csv
2192,732,trials/trial-2192.csv
2193,732,trials/trial-2193.csv
2194,733,trials/trial-2194.csv
2195,733,trials/trial-2195.csv
2196,733,trials/trial-2196.csv
2197,734,trials/trial-2197.csv
2198,734,trials/trial-2198.csv
2199,734,trials/trial-2199.csv
2200,735,trials/trial-2200.csv
2201,735,trials/trial-2201.csv
2202,735,trials/trial-2202.csv
2203,736,trials/trial-2203.csv
2204,736,trials/trial-2204.csv
2205,736,trials/trial-2205.csv
2206,737,trials/trial-2206.csv
2207,737,trials/trial-2207.csv
2208,737,trials/trial-2208.csv
2209,738,trials/trial-2209.csv
2210,738,trials/trial-2210.csv
2211,738,trials/trial-2211.csv
2212,739,trials/trial-2212.csv
2213,739,trials/trial-2213.csv
2214,739,trials/trial-2214.csv
2215,740,trials/trial-2215.csv
2216,740,trials/trial-2216.csv
2217,740,trials/trial-2217.csv
2218,741,trials/trial-2218.csv
2219,741,trials/trial-2219.csv
2220,741,trials/trial-2220.csv
2221,742,trials/trial-2221.csv
2222,742,trials/trial-2222.csv
2223,742,trials/trial-2223.csv
2224,743,trials/trial-2224.csv
2225,743,trials/trial-2225.csv
2226,743,trials/trial-2226.csv
2227,744,trials/trial-2227.csv
2228,744,trials/trial-2228.csv
2229,744,trials/trial-2229.csv
2230,745,trials/trial-2230.csv
2231,745,trials/trial-2231.csv
2232,745,trials/trial-2232.csv
2233,746,trials/trial-2233.csv
2234,746,trials/trial-2234.csv
2235,746,trials/trial-2235.csv
2236,747,trials/trial-2236.csv
2237,747,trials/trial-2237.csv
2238,747,trials/trial-2238.csv
2239,748,trials/trial-2239.csv
2240,748,trials/trial-2240.csv
2241,748,trials/trial-2241.csv
2242,749,trials/trial-2242.csv
2243,749,trials/trial-2243.csv
2244,749,trials/trial-2244.csv
2245,750,trials/trial-2245.csv
2246,750,trials/trial-2246.csv
2247,750,trials/trial-2247.csv
2248,751,trials/trial-2248.csv
2249,751,trials/trial-2249.csv
2250,751,trials/trial-2250.csv
2251,752,trials/trial-2251.csv
2252,752,trials/trial-2252.csv
2253,752,trials/trial-2253.csv
2254,753,trials/trial-2254.csv
2255,753,trials/trial-2255.csv
2256,753,trials/trial-2256.csv
2257,754,trials/trial-2257.csv
2258,754,trials/trial-2258.csv
2259,754,trials/trial-2259.csv
2260,755,trials/trial-2260.csv
2261,755,trials/trial-2261.csv
2262,755,trials/trial-2262.csv
2263,756,trials/trial-2263.csv
2264,756,trials/trial-2264.csv
2265,756,trials/trial-2265.csv
2266,757,trials/trial-2266.csv
2267,757,trials/trial-2267.csv
2268,757,trials/trial-2268.csv
2269,758,trials/trial-2269.csv
2270,758,trials/trial-2270.csv
2271,758,trials/trial-2271.csv
2272,759,trials/trial-2272.csv
2273,759,trials/trial-2273.csv
2274,759,trials/trial-2274.csv
2275,760,trials/trial-2275.csv
2276,760,trials/trial-2276.csv
2277,760,trials/trial-2277.csv
2278,761,trials/trial-2278.csv
2279,761,trials/trial-2279.csv
2280,761,trials/trial-2280.csv
2281,762,trials/trial-2281.csv
2282,762,trials/trial-2282.csv
2283,762,trials/trial-2283.csv
2284,763,trials/trial-2284.csv
2285,763,trials/trial-2285.csv
2286,763,trials/trial-2286.csv
2287,764,trials/trial-2287.csv
2288,764,trials/trial-2288.csv
2289,764,trials/trial-2289.csv
2290,765,trials/trial-2290.csv
2291,765,trials/trial-2291.csv
2292,765,trials/trial-2292.csv
2293,766,trials/trial-2293.csv
2294,766,trials/trial-2294.csv
2295,766,trials/trial-2295.csv
2296,767,trials/trial-2296.csv
2297,767,trials/trial-2297.csv
2298,767,trials/trial-2298.csv
2299,768,trials/trial-2299.csv
2300,768,trials/trial-2300.csv
2301,768,trials/trial-2301.csv
2302,769,trials/trial-2302.csv
2303,769,trials/trial-2303.csv
2304,769,trials/trial-2304.csv
2305,770,trials/trial-2305.csv
2306,770,trials/trial-2306.csv
2307,770,trials/trial-2307.csv
2308,771,trials/trial-2308.csv
2309,771,trials/trial-2309.csv
2310,771,trials/trial-2310.csv
2311,772,trials/trial-2311.csv
2312,772,trials/trial-2312.csv
2313,772,trials/trial-2313.csv
2314,773,trials/trial-2314.csv
2315,773,trials/trial-2315.csv
2316,773,trials/trial-2316.csv
2317,774,trials/trial-2317.csv
2318,774,trials/trial-2318.csv
2319,774,trials/trial-2319.csv
2320,775,trials/trial-2320.csv
2321,775,trials/trial-2321.csv
2322,775,trials/trial-2322.csv
2323,776,trials/trial-2323.csv
2324,776,trials/trial-2324.csv
2325,776,trials/trial-2325.csv
2326,777,trials/trial-2326.csv
2327,777,trials/trial-2327.csv
2328,777,trials/trial-2328.csv
2329,778,trials/trial-2329.csv
2330,778,trials/trial-2330.csv
2331,778,trials/trial-2331.csv
2332,779,trials/trial-2332.csv
2333,779,trials/trial-2333.csv
2334,779,trials/trial-2334.csv
2335,780,trials/trial-2335.csv
2336,780,trials/trial-2336.csv
2337,780,trials/trial-2337.csv
2338,781,trials/trial-2338.csv
2339,781,trials/trial-2339.csv
2340,781,trials/trial-2340.csv
2341,782,trials/trial-2341.csv
2342,782,trials/trial-2342.csv
2343,782,trials/trial-2343.csv
2344,783,trials/trial-2344.csv
2345,783,trials/trial-2345.csv
2346,783,trials/trial-2346.csv
2347,784,trials/trial-2347.csv
2348,784,trials/trial-2348.csv
2349,784,trials/trial-2349.csv
2350,785,trials/trial-2350.csv
2351,785,trials/trial-2351.csv
2352,785,trials/trial-2352.csv
2353,786,trials/trial-2353.csv
2354,786,trials/trial-2354.csv
2355,786,trials/trial-2355.csv
2356,787,trials/trial-2356.csv
2357,787,trials/trial-2357.csv
2358,787,trials/trial-2358.csv
2359,788,trials/trial-2359.csv
2360,788,trials/trial-2360.csv
2361,788,trials/trial-2361.csv
2362,789,trials/trial-2362.csv
2363,789,trials/trial-2363.csv
2364,789,trials/trial-2364.csv
2365,790,trials/trial-2365.csv
2366,790,trials/trial-2366.csv
2367,790,trials/trial-2367.csv
2368,791,trials/trial-2368.csv
2369,791,trials/trial-2369.csv
2370,791,trials/trial-2370.csv
2371,792,trials/trial-2371.csv
2372,792,trials/trial-2372.csv
2373,792,trials/trial-2373.csv
2374,793,trials/trial-2374.csv
2375,793,trials/trial-2375.csv
2376,793,trials/trial-2376.csv
2377,794,trials/trial-2377.csv
2378,794,trials/trial-2378.csv
2379,794,trials/trial-2379.csv
2380,795,trials/trial-2380.csv
2381,795,trials/trial-2381.csv
2382,795,trials/trial-2382.csv
2383,796,trials/trial-2383.csv
2384,796,trials/trial-2384.csv
2385,796,trials/trial-2385.csv
2386,797,trials/trial-2386.csv
2387,797,trials/trial-2387.csv
2388,797,trials/trial-2388.csv
2389,798,trials/trial-2389.csv
2390,798,trials/trial-2390.csv
2391,798,trials/trial-2391.csv
2392,799,trials/trial-2392.csv
2393,799,trials/trial-2393.csv
2394,799,trials/trial-2394.csv
2395,800,trials/trial-2395.csv
2396,800,trials/trial-2396.csv
2397,800,trials/trial-2397.csv
2398,801,trials/trial-2398.csv
2399,801,trials/trial-2399.csv
2400,801,trials/trial-2400.csv
2401,802,trials/trial-2401.csv
2402,802,trials/trial-2402.csv
2403,802,trials/trial-2403.csv
2404,803,trials/trial-2404.csv
2405,803,trials/trial-2405.csv
2406,803,trials/trial-2406.csv
2407,804,trials/trial-2407.csv
2408,804,trials/trial-2408.csv
2409,804,trials/trial-2409.csv
2410,805,trials/trial-2410.csv
2411,805,trials/trial-2411.csv
2412,805,trials/trial-2412.csv
2413,806,trials/trial-2413.csv
2414,806,trials/trial-2414.csv
2415,806,trials/trial-2415.csv
2416,807,trials/trial-2416.csv
2417,807,trials/trial-2417.csv
2418,807,trials/trial-2418.csv
2419,808,trials/trial-2419.csv
2420,808,trials/trial-2420.csv
2421,808,trials/trial-2421.csv
2422,809,trials/trial-2422.csv
2423,809,trials/trial-2423.csv
2424,809,trials/trial-2424.csv
2425,810,trials/trial-2425.csv
2426,810,trials/trial-2426.csv
2427,810,trials/trial-2427.csv
2428,811,trials/trial-2428.csv
2429,811,trials/trial-2429.csv
2430,811,trials/trial-2430.csv
2431,812,trials/trial-2431.csv
2432,812,trials/trial-2432.csv
2433,812,trials/trial-2433.csv
2434,813,trials/trial-2434.csv
2435,813,trials/trial-2435.csv
2436,813,trials/trial-2436.csv
2437,814,trials/trial-2437.csv
2438,814,trials/trial-2438.csv
2439,814,trials/trial-2439.csv
2440,815,trials/trial-2440.csv
2441,815,trials/trial-2441.csv
2442,815,trials/trial-2442.csv
2443,816,trials/trial-2443.csv
2444,816,trials/trial-2444.csv
2445,816,trials/trial-2445.csv
2446,817,trials/trial-2446.csv
2447,817,trials/trial-2447.csv
2448,817,trials/trial-2448.csv
2449,818,trials/trial-2449.csv
2450,818,trials/trial-2450.csv
2451,818,trials/trial-2451.csv
2452,819,trials/trial-2452.csv
2453,819,trials/trial-2453.csv
2454,819,trials/trial-2454.csv
2455,820,trials/trial-2455.csv
2456,820,trials/trial-2456.csv
2457,820,trials/trial-2457.csv
2458,821,trials/trial-2458.csv
2459,821,trials/trial-2459.csv
2460,821,trials/trial-2460.csv
2461,822,trials/trial-2461.csv
2462,822,trials/trial-2462.csv
2463,822,trials/trial-2463.csv
2464,823,trials/trial-2464.csv
2465,823,trials/trial-2465.csv
2466,823,trials/trial-2466.csv
2467,824,trials/trial-2467.csv
2468,824,trials/trial-2468.csv
2469,824,trials/trial-2469.csv
2470,825,trials/trial-2470.csv
2471,825,trials/trial-2471.csv
2472,825,trials/trial-2472.csv
2473,826,trials/trial-2473.csv
2474,826,trials/trial-2474.csv
2475,826,trials/trial-2475.csv
2476,827,trials/trial-2476.csv
2477,827,trials/trial-2477.csv
2478,827,trials/trial-2478.csv
2479,828,trials/trial-2479.csv
2480,828,trials/trial-2480.csv
2481,828,trials/trial-2481.csv
2482,829,trials/trial-2482.csv
2483,829,trials/trial-2483.csv
2484,829,trials/trial-2484.csv
2485,830,trials/trial-2485.csv
2486,830,trials/trial-2486.csv
2487,830,trials/trial-2487.csv
2488,831,trials/trial-2488.csv
2489,831,trials/trial-2489.csv
2490,831,trials/trial-2490.csv
2491,832,trials/trial-2491.csv
2492,832,trials/trial-2492.csv
2493,832,trials/trial-2493.csv
2494,833,trials/trial-2494.csv
2495,833,trials/trial-2495.csv
2496,833,trials/trial-2496.csv
2497,834,trials/trial-2497.csv
2498,834,trials/trial-2498.csv
2499,834,trials/trial-2499.csv
2500,835,trials/trial-2500.csv
2501,835,trials/trial-2501.csv
2502,835,trials/trial-2502.csv
2503,836,trials/trial-2503.csv
2504,836,trials/trial-2504.csv
2505,836,trials/trial-2505.csv
2506,837,trials/trial-2506.csv
2507,837,trials/trial-2507.csv
2508,837,trials/trial-2508.csv
2509,838,trials/trial-2509.csv
2510,838,trials/trial-2510.csv
2511,838,trials/trial-2511.csv
2512,839,trials/trial-2512.csv
2513,839,trials/trial-2513.csv
2514,839,trials/trial-2514.csv
2515,840,trials/trial-2515.csv
2516,840,trials/trial-2516.csv
2517,840,trials/trial-2517.csv
2518,841,trials/trial-2518.csv
2519,841,trials/trial-2519.csv
2520,841,trials/trial-2520.csv
2521,842,trials/trial-2521.csv
2522,842,trials/trial-2522.csv
2523,842,trials/trial-2523.csv
2524,843,trials/trial-2524.csv
2525,843,trials/trial-2525.csv
2526,843,trials/trial-2526.csv
2527,844,trials/trial-2527.csv
2528,844,trials/trial-2528.csv
2529,844,trials/trial-2529.csv
2530,845,trials/trial-2530.csv
2531,845,trials/trial-2531.csv
2532,845,trials/trial-2532.csv
2533,846,trials/trial-2533.csv
2534,846,trials/trial-2534.csv
2535,846,trials/trial-2535.csv
2536,847,trials/trial-2536.csv
2537,847,trials/trial-2537.csv
2538,847,trials/trial-2538.csv
2539,848,trials/trial-2539.csv
2540,848,trials/trial-2540.csv
2541,848,trials/trial-2541.csv
2542,849,trials/trial-2542.csv
2543,849,trials/trial-2543.csv
2544,849,trials/trial-2544.csv
2545,850,trials/trial-2545.csv
2546,850,trials/trial-2546.csv
2547,850,trials/trial-2547.csv
2548,851,trials/trial-2548.csv
2549,851,trials/trial-2549.csv
2550,851,trials/trial-2550.csv
2551,852,trials/trial-2551.csv
2552,852,trials/trial-2552.csv
2553,852,trials/trial-2553.csv
2554,853,trials/trial-2554.csv
2555,853,trials/trial-2555.csv
2556,853,trials/trial-2556.csv
2557,854,trials/trial-2557.csv
2558,854,trials/trial-2558.csv
2559,854,trials/trial-2559.csv
2560,855,trials/trial-2560.csv
2561,855,trials/trial-2561.csv
2562,855,trials/trial-2562.csv
2563,856,trials/trial-2563.csv
2564,856,trials/trial-2564.csv
2565,856,trials/trial-2565.csv
2566,857,trials/trial-2566.csv
2567,857,trials/trial-2567.csv
2568,857,trials/trial-2568.csv
2569,858,trials/trial-2569.csv
2570,858,trials/trial-2570.csv
2571,858,trials/trial-2571.csv
2572,859,trials/trial-2572.csv
2573,859,trials/trial-2573.csv
2574,859,trials/trial-2574.csv
2575,860,trials/trial-2575.csv
2576,860,trials/trial-2576.csv
2577,860,trials/trial-2577.csv
2578,861,trials/trial-2578.csv
2579,861,trials/trial-2579.csv
2580,861,trials/trial-2580.csv
2581,862,trials/trial-2581.csv
2582,862,trials/trial-2582.csv
2583,862,trials/trial-2583.csv
2584,863,trials/trial-2584.csv
2585,863,trials/trial-2585.csv
2586,863,trials/trial-2586.csv
2587,864,trials/trial-2587.csv
2588,864,trials/trial-2588.csv
2589,864,trials/trial-2589.csv
2590,865,trials/trial-2590.csv
2591,865,trials/trial-2591.csv
2592,865,trials/trial-2592.csv
2593,866,trials/trial-2593.csv
2594,866,trials/trial-2594.csv
2595,866,trials/trial-2595.csv
2596,867,trials/trial-2596.csv
2597,867,trials/trial-2597.csv
2598,867,trials/trial-2598.csv
2599,868,trials/trial-2599.csv
2600,868,trials/trial-2600.csv
2601,868,trials/trial-2601.csv
2602,869,trials/trial-2602.csv
2603,869,trials/trial-2603.csv
2604,869,trials/trial-2604.csv
2605,870,trials/trial-2605.csv
2606,870,trials/trial-2606.csv
2607,870,trials/trial-2607.csv
2608,871,trials/trial-2608.csv
2609,871,trials/trial-2609.csv
2610,871,trials/trial-2610.csv
2611,872,trials/trial-2611.csv
2612,872,trials/trial-2612.csv
2613,872,trials/trial-2613.csv
2614,873,trials/trial-2614.csv
2615,873,trials/trial-2615.csv
2616,873,trials/trial-2616.csv
2617,874,trials/trial-2617.csv
2618,874,trials/trial-2618.csv
2619,874,trials/trial-2619.csv
2620,875,trials/trial-2620.csv
2621,875,trials/trial-2621.csv
2622,875,trials/trial-2622.csv
2623,876,trials/trial-2623.csv
2624,876,trials/trial-2624.csv
2625,876,trials/trial-2625.csv
2626,877,trials/trial-2626.csv
2627,877,trials/trial-2627.csv
2628,877,trials/trial-2628.csv
2629,878,trials/trial-2629.csv
2630,878,trials/trial-2630.csv
2631,878,trials/trial-2631.csv
2632,879,trials/trial-2632.csv
2633,879,trials/trial-2633.csv
2634,879,trials/trial-2634.csv
2635,880,trials/trial-2635.csv
2636,880,trials/trial-2636.csv
2637,880,trials/trial-2637.csv
2638,881,trials/trial-2638.csv
2639,881,trials/trial-2639.csv
2640,881,trials/trial-2640.csv
2641,882,trials/trial-2641.csv
2642,882,trials/trial-2642.csv
2643,882,trials/trial-2643.csv
2644,883,trials/trial-2644.csv
2645,883,trials/trial-2645.csv
2646,883,trials/trial-2646.csv
2647,884,trials/trial-2647.csv
2648,884,trials/trial-2648.csv
2649,884,trials/trial-2649.csv
2650,885,trials/trial-2650.csv
2651,885,trials/trial-2651.csv
2652,885,trials/trial-2652.csv
2653,886,trials/trial-2653.csv
2654,886,trials/trial-2654.csv
2655,886,trials/trial-2655.csv
2656,887,trials/trial-2656.csv
2657,887,trials/trial-2657.csv
2658,887,trials/trial-2658.csv
2659,888,trials/trial-2659.csv
2660,888,trials/trial-2660.csv
2661,888,trials/trial-2661.csv
2662,889,trials/trial-2662.csv
2663,889,trials/trial-2663.csv
2664,889,trials/trial-2664.csv
2665,890,trials/trial-2665.csv
2666,890,trials/trial-2666.csv
2667,890,trials/trial-2667.csv
2668,891,trials/trial-2668.csv
2669,891,trials/trial-2669.csv
2670,891,trials/trial-2670.csv
2671,892,trials/trial-2671.csv
2672,892,trials/trial-2672.csv
2673,892,trials/trial-2673.csv
2674,893,trials/trial-2674.csv
2675,893,trials/trial-2675.csv
2676,893,trials/trial-2676.csv
2677,894,trials/trial-2677.csv
2678,894,trials/trial-2678.csv
2679,894,trials/trial-2679.csv
2680,895,trials/trial-2680.csv
2681,895,trials/trial-2681.csv
2682,895,trials/trial-2682.csv
2683,896,trials/trial-2683.csv
2684,896,trials/trial-2684.csv
2685,896,trials/trial-2685.csv
2686,897,trials/trial-2686.csv
2687,897,trials/trial-2687.csv
2688,897,trials/trial-2688.csv
2689,898,trials/trial-2689.csv
2690,898,trials/trial-2690.csv
2691,898,trials/trial-2691.csv
2692,899,trials/trial-2692.csv
2693,899,trials/trial-2693.csv
2694,899,trials/trial-2694.csv
2695,900,trials/trial-2695.csv
2696,900,trials/trial-2696.csv
2697,900,trials/trial-2697.csv
2698,901,trials/trial-2698.csv
2699,901,trials/trial-2699.csv
2700,901,trials/trial-2700.csv
2701,902,trials/trial-2701.csv
2702,902,trials/trial-2702.csv
2703,902,trials/trial-2703.csv
2704,903,trials/trial-2704.csv
2705,903,trials/trial-2705.csv
2706,903,trials/trial-2706.csv
2707,904,trials/trial-2707.csv
2708,904,trials/trial-2708.csv
2709,904,trials/trial-2709.csv
2710,905,trials/trial-2710.csv
2711,905,trials/trial-2711.csv
2712,905,trials/trial-2712.csv
2713,906,trials/trial-2713.csv
2714,906,trials/trial-2714.csv
2715,906,trials/trial-2715.csv
2716,907,trials/trial-2716.csv
2717,907,trials/trial-2717.csv
2718,907,trials/trial-2718.csv
2719,908,trials/trial-2719.csv
2720,908,trials/trial-2720.csv
2721,908,trials/trial-2721.csv
2722,909,trials/trial-2722.csv
2723,909,trials/trial-2723.csv
2724,909,trials/trial-2724.csv
2725,910,trials/trial-2725.csv
2726,910,trials/trial-2726.csv
2727,910,trials/trial-2727.csv
2728,911,trials/trial-2728.csv
2729,911,trials/trial-2729.csv
2730,911,trials/trial-2730.csv
2731,912,trials/trial-2731.csv
2732,912,trials/trial-2732.csv
2733,912,trials/trial-2733.csv
2734,913,trials/trial-2734.csv
2735,913,trials/trial-2735.csv
2736,913,trials/trial-2736.csv
2737,914,trials/trial-2737.csv
2738,914,trials/trial-2738.csv
2739,914,trials/trial-2739.csv
2740,915,trials/trial-2740.csv
2741,915,trials/trial-2741.csv
2742,915,trials/trial-2742.csv
2743,916,trials/trial-2743.csv
2744,916,trials/trial-2744.csv
2745,916,trials/trial-2745.csv
2746,917,trials/trial-2746.csv
2747,917,trials/trial-2747.csv
2748,917,trials/trial-2748.csv
2749,918,trials/trial-2749.csv
2750,918,trials/trial-2750.csv
2751,918,trials/trial-2751.csv
2752,919,trials/trial-2752.csv
2753,919,trials/trial-2753.csv
2754,919,trials/trial-2754.csv
2755,920,trials/trial-2755.csv
2756,920,trials/trial-2756.csv
2757,920,trials/trial-2757.csv
2758,921,trials/trial-2758.csv
2759,921,trials/trial-2759.csv
2760,921,trials/trial-2760.csv
2761,922,trials/trial-2761.csv
2762,922,trials/trial-2762.csv
2763,922,trials/trial-2763.csv
2764,923,trials/trial-2764.csv
2765,923,trials/trial-2765.csv
2766,923,trials/trial-2766.csv
2767,924,trials/trial-2767.csv
2768,924,trials/trial-2768.csv
2769,924,trials/trial-2769.csv
2770,925,trials/trial-2770.csv
2771,925,trials/trial-2771.csv
2772,925,trials/trial-2772.csv
2773,926,trials/trial-2773.csv
2774,926,trials/trial-2774.csv
2775,926,trials/trial-2775.csv
2776,927,trials/trial-2776.csv
2777,927,trials/trial-2777.csv
2778,927,trials/trial-2778.csv
2779,928,trials/trial-2779.csv
2780,928,trials/trial-2780.csv
2781,928,trials/trial-2781.csv
2782,929,trials/trial-2782.csv
2783,929,trials/trial-2783.csv
2784,929,trials/trial-2784.csv
2785,930,trials/trial-2785.csv
2786,930,trials/trial-2786.csv
2787,930,trials/trial-2787.csv
2788,931,trials/trial-2788.csv
2789,931,trials/trial-2789.csv
2790,931,trials/trial-2790.csv
2791,932,trials/trial-2791.csv
2792,932,trials/trial-2792.csv
2793,932,trials/trial-2793.csv
2794,933,trials/trial-2794.csv
2795,933,trials/trial-2795.csv
2796,933,trials/trial-2796.csv
2797,934,trials/trial-2797.csv
2798,934,trials/trial-2798.csv
2799,934,trials/trial-2799.csv
2800,935,trials/trial-2800.csv
2801,935,trials/trial-2801.csv
2802,935,trials/trial-2802.csv
2803,936,trials/trial-2803.csv
2804,936,trials/trial-2804.csv
2805,936,trials/trial-2805.csv
2806,937,trials/trial-2806.csv
2807,937,trials/trial-2807.csv
2808,937,trials/trial-2808.csv
2809,938,trials/trial-2809.csv
2810,938,trials/trial-2810.csv
2811,938,trials/trial-2811.csv
2812,939,trials/trial-2812.csv
2813,939,trials/trial-2813.csv
2814,939,trials/trial-2814.csv
2815,940,trials/trial-2815.csv
2816,940,trials/trial-2816.csv
2817,940,trials/trial-2817.csv
2818,941,trials/trial-2818.csv
2819,941,trials/trial-2819.csv
2820,941,trials/trial-2820.csv
2821,942,trials/trial-2821.csv
2822,942,trials/trial-2822.csv
2823,942,trials/trial-2823.csv
2824,943,trials/trial-2824.csv
2825,943,trials/trial-2825.csv
2826,943,trials/trial-2826.csv
2827,944,trials/trial-2827.csv
2828,944,trials/trial-2828.csv
2829,944,trials/trial-2829.csv
2830,945,trials/trial-2830.csv
2831,945,trials/trial-2831.csv
2832,945,trials/trial-2832.csv
2833,946,trials/trial-2833.csv
2834,946,trials/trial-2834.csv
2835,946,trials/trial-2835.csv
2836,947,trials/trial-2836.csv
2837,947,trials/trial-2837.csv
2838,947,trials/trial-2838.csv
2839,948,trials/trial-2839.csv
2840,948,trials/trial-2840.csv
2841,948,trials/trial-2841.csv
2842,949,trials/trial-2842.csv
2843,949,trials/trial-2843.csv
2844,949,trials/trial-2844.csv
2845,950,trials/trial-2845.csv
2846,950,trials/trial-2846.csv
2847,950,trials/trial-2847.csv
2848,951,trials/trial-2848.csv
2849,951,trials/trial-2849.csv
2850,951,trials/trial-2850.csv
2851,952,trials/trial-2851.csv
2852,952,trials/trial-2852.csv
2853,952,trials/trial-2853.csv
2854,953,trials/trial-2854.csv
2855,953,trials/trial-2855.csv
2856,953,trials/trial-2856.csv
2857,954,trials/trial-2857.csv
2858,954,trials/trial-2858.csv
2859,954,trials/trial-2859.csv
2860,955,trials/trial-2860.csv
2861,955,trials/trial-2861.csv
2862,955,trials/trial-2862.csv
2863,956,trials/trial-2863.csv
2864,956,trials/trial-2864.csv
2865,956,trials/trial-2865.csv
2866,957,trials/trial-2866.csv
2867,957,trials/trial-2867.csv
2868,957,trials/trial-2868.csv
2869,958,trials/trial-2869.csv
2870,958,trials/trial-2870.csv
2871,958,trials/trial-2871.csv
2872,959,trials/trial-2872.csv
2873,959,trials/trial-2873.csv
2874,959,trials/trial-2874.csv
2875,960,trials/trial-2875.csv
2876,960,trials/trial-2876.csv
2877,960,trials/trial-2877.csv
2878,961,trials/trial-2878.csv
2879,961,trials/trial-2879.csv
2880,961,trials/trial-2880.csv
2881,962,trials/trial-2881.csv
2882,962,trials/trial-2882.csv
2883,962,trials/trial-2883.csv
2884,963,trials/trial-2884.csv
2885,963,trials/trial-2885.csv
2886,963,trials/trial-2886.csv
2887,964,trials/trial-2887.csv
2888,964,trials/trial-2888.csv
2889,964,trials/trial-2889.csv
2890,965,trials/trial-2890.csv
2891,965,trials/trial-2891.csv
2892,965,trials/trial-2892.csv
2893,966,trials/trial-2893.csv
2894,966,trials/trial-2894.csv
2895,966,trials/trial-2895.csv
2896,967,trials/trial-2896.csv
2897,967,trials/trial-2897.csv
2898,967,trials/trial-2898.csv
2899,968,trials/trial-2899.csv
2900,968,trials/trial-2900.csv
2901,968,trials/trial-2901.csv
2902,969,trials/trial-2902.csv
2903,969,trials/trial-2903.csv
2904,969,trials/trial-2904.csv
2905,970,trials/trial-2905.csv
2906,970,trials/trial-2906.csv
2907,970,trials/trial-2907.csv
2908,971,trials/trial-2908.csv
2909,971,trials/trial-2909.csv
2910,971,trials/trial-2910.csv
2911,972,trials/trial-2911.csv
2912,972,trials/trial-2912.csv
2913,972,trials/trial-2913.csv
2914,973,trials/trial-2914.csv
2915,973,trials/trial-2915.csv
2916,973,trials/trial-2916.csv
2917,974,trials/trial-2917.csv
2918,974,trials/trial-2918.csv
2919,974,trials/trial-2919.csv
2920,975,trials/trial-2920.csv
2921,975,trials/trial-2921.csv
2922,975,trials/trial-2922.csv
2923,976,trials/trial-2923.csv
2924,976,trials/trial-2924.csv
2925,976,trials/trial-2925.csv
2926,977,trials/trial-2926.csv
2927,977,trials/trial-2927.csv
2928,977,trials/trial-2928.csv
2929,978,trials/trial-2929.csv
2930,978,trials/trial-2930.csv
2931,978,trials/trial-2931.csv
2932,979,trials/trial-2932.csv
2933,979,trials/trial-2933.csv
2934,979,trials/trial-2934.csv
2935,980,trials/trial-2935.csv
2936,980,trials/trial-2936.csv
2937,980,trials/trial-2937.csv
2938,981,trials/trial-2938.csv
2939,981,trials/trial-2939.csv
2940,981,trials/trial-2940.csv
2941,982,trials/trial-2941.csv
2942,982,trials/trial-2942.csv
2943,982,trials/trial-2943.csv
2944,983,trials/trial-2944.csv
2945,983,trials/trial-2945.csv
2946,983,trials/trial-2946.csv
2947,984,trials/trial-2947.csv
2948,984,trials/trial-2948.csv
2949,984,trials/trial-2949.csv
2950,985,trials/trial-2950.csv
2951,985,trials/trial-2951.csv
2952,985,trials/trial-2952.csv
2953,986,trials/trial-2953.csv
2954,986,trials/trial-2954.csv
2955,986,trials/trial-2955.csv
2956,987,trials/trial-2956.csv
2957,987,trials/trial-2957.csv
2958,987,trials/trial-2958.csv
2959,988,trials/trial-2959.csv
2960,988,trials/trial-2960.csv
2961,988,trials/trial-2961.csv
2962,989,trials/trial-2962.csv
2963,989,trials/trial-2963.csv
2964,989,trials/trial-2964.csv
2965,990,trials/trial-2965.csv
2966,990,trials/trial-2966.csv
2967,990,trials/trial-2967.csv
2968,991,trials/trial-2968.csv
2969,991,trials/trial-2969.csv
2970,991,trials/trial-2970.csv
2971,992,trials/trial-2971.csv
2972,992,trials/trial-2972.csv
2973,992,trials/trial-2973.csv
2974,993,trials/trial-2974.csv
2975,993,trials/trial-2975.csv
2976,993,trials/trial-2976.csv
2977,994,trials/trial-2977.csv
2978,994,trials/trial-2978.csv
2979,994,trials/trial-2979.csv
2980,995,trials/trial-2980.csv
2981,995,trials/trial-2981.csv
2982,995,trials/trial-2982.csv
2983,996,trials/trial-2983.csv
2984,996,trials/trial-2984.csv
2985,996,trials/trial-2985.csv
2986,997,trials/trial-2986.csv
2987,997,trials/trial-2987.csv
2988,997,trials/trial-2988.csv
2989,998,trials/trial-2989.csv
2990,998,trials/trial-2990.csv
2991,998,trials/trial-2991.csv
2992,999,trials/trial-2992.csv
2993,999,trials/trial-2993.csv
2994,999,trials/trial-2994.csv
2995,1000,trials/trial-2995.csv
2996,1000,trials/trial-2996.csv
2997,1000,trials/trial-2997.csv
2998,1001,trials/trial-2998.csv
2999,1001,trials/trial-2999.csv
3000,1001,trials/trial-3000.csv
3001,1002,trials/trial-3001.csv
3002,1002,trials/trial-3002.csv
3003,1002,trials/trial-3003.csv
3004,1003,trials/trial-3004.csv
3005,1003,trials/trial-3005.csv
3006,1003,trials/trial-3006.csv
3007,1004,trials/trial-3007.csv
3008,1004,trials/trial-3008.csv
3009,1004,trials/trial-3009.csv
3010,1005,trials/trial-3010.csv
3011,1005,trials/trial-3011.csv
3012,1005,trials/trial-3012.csv
3013,1006,trials/trial-3013.csv
3014,1006,trials/trial-3014.csv
3015,1006,trials/trial-3015.csv
3016,1007,trials/trial-3016.csv
3017,1007,trials/trial-3017.csv
3018,1007,trials/trial-3018.csv
3019,1008,trials/trial-3019.csv
3020,1008,trials/trial-3020.csv
3021,1008,trials/trial-3021.csv
3022,1009,trials/trial-3022.csv
3023,1009,trials/trial-3023.csv
3024,1009,trials/trial-3024.csv
3025,1010,trials/trial-3025.csv
3026,1010,trials/trial-3026.csv
3027,1010,trials/trial-3027.csv
3028,1011,trials/trial-3028.csv
3029,1011,trials/trial-3029.csv
3030,1011,trials/trial-3030.csv
3031,1012,trials/trial-3031.csv
3032,1012,trials/trial-3032.csv
3033,1012,trials/trial-3033.csv
3034,1013,trials/trial-3034.csv
3035,1013,trials/trial-3035.csv
3036,1013,trials/trial-3036.csv
3037,1014,trials/trial-3037.csv
3038,1014,trials/trial-3038.csv
3039,1014,trials/trial-3039.csv
3040,1015,trials/trial-3040.csv
3041,1015,trials/trial-3041.csv
3042,1015,trials/trial-3042.csv
3043,1016,trials/trial-3043.csv
3044,1016,trials/trial-3044.csv
3045,1016,trials/trial-3045.csv
3046,1017,trials/trial-3046.csv
3047,1017,trials/trial-3047.csv
3048,1017,trials/trial-3048.csv
3049,1018,trials/trial-3049.csv
3050,1018,trials/trial-3050.csv
3051,1018,trials/trial-3051.csv
3052,1019,trials/trial-3052.csv
3053,1019,trials/trial-3053.csv
3054,1019,trials/trial-3054.csv
3055,1020,trials/trial-3055.csv
3056,1020,trials/trial-3056.csv
3057,1020,trials/trial-3057.csv
3058,1021,trials/trial-3058.csv
3059,1021,trials/trial-3059.csv
3060,1021,trials/trial-3060.csv
3061,1022,trials/trial-3061.csv
3062,1022,trials/trial-3062.csv
3063,1022,trials/trial-3063.csv
3064,1023,trials/trial-3064.csv
3065,1023,trials/trial-3065.csv
3066,1024,trials/trial-3066.csv
3067,1024,trials/trial-3067.csv
3068,1024,trials/trial-3068.csv
3069,1025,trials/trial-3069.csv
3070,1025,trials/trial-3070.csv
3071,1025,trials/trial-3071.csv
3072,1026,trials/trial-3072.csv
3073,1026,trials/trial-3073.csv
3074,1026,trials/trial-3074.csv
3075,1027,trials/trial-3075.csv
3076,1027,trials/trial-3076.csv
3077,1027,trials/trial-3077.csv
3078,1028,trials/trial-3078.csv
3079,1028,trials/trial-3079.csv
3080,1028,trials/trial-3080.csv
3081,1029,trials/trial-3081.csv
3082,1029,trials/trial-3082.csv
3083,1029,trials/trial-3083.csv
3084,1030,trials/trial-3084.csv
3085,1030,trials/trial-3085.csv
3086,1030,trials/trial-3086.csv
3087,1031,trials/trial-3087.csv
3088,1031,trials/trial-3088.csv
3089,1031,trials/trial-3089.csv
3090,1032,trials/trial-3090.csv
3091,1032,trials/trial-3091.csv
3092,1032,trials/trial-3092.csv
3093,1033,trials/trial-3093.csv
3094,1033,trials/trial-3094.csv
3095,1033,trials/trial-3095.csv
3096,1034,trials/trial-3096.csv
3097,1034,trials/trial-3097.csv
3098,1034,trials/trial-3098.csv
3099,1035,trials/trial-3099.csv
3100,1035,trials/trial-3100.csv
3101,1035,trials/trial-3101.csv
3102,1036,trials/trial-3102.csv
3103,1036,trials/trial-3103.csv
3104,1036,trials/trial-3104.csv
3105,1037,trials/trial-3105.csv
3106,1037,trials/trial-3106.csv
3107,1037,trials/trial-3107.csv
3108,1038,trials/trial-3108.csv
3109,1038,trials/trial-3109.csv
3110,1038,trials/trial-3110.csv
3111,1039,trials/trial-3111.csv
3112,1039,trials/trial-3112.csv
3113,1039,trials/trial-3113.csv
3114,1040,trials/trial-3114.csv
3115,1040,trials/trial-3115.csv
3116,1040,trials/trial-3116.csv
3117,1041,trials/trial-3117.csv
3118,1041,trials/trial-3118.csv
3119,1041,trials/trial-3119.csv
3120,1042,trials/trial-3120.csv
3121,1042,trials/trial-3121.csv
3122,1042,trials/trial-3122.csv
3123,1043,trials/trial-3123.csv
3124,1043,trials/trial-3124.csv
3125,1043,trials/trial-3125.csv
3126,1044,trials/trial-3126.csv
3127,1044,trials/trial-3127.csv
3128,1044,trials/trial-3128.csv
3129,1045,trials/trial-3129.csv
3130,1045,trials/trial-3130.csv
3131,1045,trials/trial-3131.csv
3132,1046,trials/trial-3132.csv
3133,1046,trials/trial-3133.csv
3134,1046,trials/trial-3134.csv
3135,1047,trials/trial-3135.csv
3136,1047,trials/trial-3136.csv
3137,1047,trials/trial-3137.csv
3138,1048,trials/trial-3138.csv
3139,1048,trials/trial-3139.csv
3140,1048,trials/trial-3140.csv
3141,1049,trials/trial-3141.csv
3142,1049,trials/trial-3142.csv
3143,1049,trials/trial-3143.csv
3144,1050,trials/trial-3144.csv
3145,1050,trials/trial-3145.csv
3146,1050,trials/trial-3146.csv
3147,1051,trials/trial-3147.csv
3148,1051,trials/trial-3148.csv
3149,1051,trials/trial-3149.csv
3150,1052,trials/trial-3150.csv
3151,1052,trials/trial-3151.csv
3152,1052,trials/trial-3152.csv
3153,1053,trials/trial-3153.csv
3154,1053,trials/trial-3154.csv
3155,1053,trials/trial-3155.csv
